step,dx,dz,volume_ul,liquid_class,timer_delta,source,step_index,destination,group_number,timer_group_check,guid,from_path,asp_mixing,dispense_type,tip_type,touchoff_dis,to_plate,to_well,from_plate,from_well
conjugate,13,0.2,1.0,ivl_tip50_watermix_JetEmpty,-1,conj-CNB-3h8,1,1,1,0.0,1,some path,3,Jet_Empty,50,-1,IVL_Plate_v3_96cassettes_ABformat_0001,1,ivl_96_dw_v1_0001,1.0
conjugate,13,0.2,1.0,ivl_tip50_watermix_JetEmpty,-1,conj-CNB-3h8,1,2,1,0.0,2,some path,3,Jet_Empty,50,-1,IVL_Plate_v3_96cassettes_ABformat_0001,2,ivl_96_dw_v1_0001,1.0
conjugate,13,0.2,1.0,ivl_tip50_watermix_JetEmpty,-1,conj-CNB-3h8,1,3,1,0.0,3,some path,3,Jet_Empty,50,-1,IVL_Plate_v3_96cassettes_ABformat_0001,3,ivl_96_dw_v1_0001,1.0
conjugate,13,0.2,1.0,ivl_tip50_watermix_JetEmpty,-1,conj-CNB-3h8,1,4,1,0.0,4,some path,3,Jet_Empty,50,-1,IVL_Plate_v3_96cassettes_ABformat_0001,4,ivl_96_dw_v1_0001,1.0
conjugate,13,0.2,1.0,ivl_tip50_watermix_JetEmpty,-1,conj-CNB-3h8,1,5,1,0.0,5,some path,3,Jet_Empty,50,-1,IVL_Plate_v3_96cassettes_ABformat_0001,5,ivl_96_dw_v1_0001,1.0
conjugate,13,0.2,1.0,ivl_tip50_watermix_JetEmpty,-1,conj-CNB-3h8,1,6,1,0.0,6,some path,3,Jet_Empty,50,-1,IVL_Plate_v3_96cassettes_ABformat_0001,6,ivl_96_dw_v1_0001,1.0
conjugate,13,0.2,1.0,ivl_tip50_watermix_JetEmpty,-1,conj-CNB-3h8,1,7,1,0.0,7,some path,3,Jet_Empty,50,-1,IVL_Plate_v3_96cassettes_ABformat_0001,7,ivl_96_dw_v1_0001,1.0
conjugate,13,0.2,1.0,ivl_tip50_watermix_JetEmpty,-1,conj-CNB-3h8,1,8,1,0.0,8,some path,3,Jet_Empty,50,-1,IVL_Plate_v3_96cassettes_ABformat_0001,8,ivl_96_dw_v1_0001,1.0
conjugate,13,0.2,1.0,ivl_tip50_watermix_JetEmpty,-1,conj-CNB-3h8,1,9,2,0.0,9,some path,3,Jet_Empty,50,-1,IVL_Plate_v3_96cassettes_ABformat_0001,9,ivl_96_dw_v1_0001,1.0
conjugate,13,0.2,1.0,ivl_tip50_watermix_JetEmpty,-1,conj-CNB-3h8,1,10,2,0.0,10,some path,3,Jet_Empty,50,-1,IVL_Plate_v3_96cassettes_ABformat_0001,10,ivl_96_dw_v1_0001,1.0
conjugate,13,0.2,1.0,ivl_tip50_watermix_JetEmpty,-1,conj-CNB-3h8,1,11,2,0.0,11,some path,3,Jet_Empty,50,-1,IVL_Plate_v3_96cassettes_ABformat_0001,11,ivl_96_dw_v1_0001,1.0
conjugate,13,0.2,1.0,ivl_tip50_watermix_JetEmpty,-1,conj-CNB-3h8,1,12,2,0.0,12,some path,3,Jet_Empty,50,-1,IVL_Plate_v3_96cassettes_ABformat_0001,12,ivl_96_dw_v1_0001,1.0
conjugate,13,0.2,1.0,ivl_tip50_watermix_JetEmpty,-1,conj-CNB-3h8,1,13,2,0.0,13,some path,3,Jet_Empty,50,-1,IVL_Plate_v3_96cassettes_ABformat_0001,13,ivl_96_dw_v1_0001,1.0
conjugate,13,0.2,1.0,ivl_tip50_watermix_JetEmpty,-1,conj-CNB-3h8,1,14,2,0.0,14,some path,3,Jet_Empty,50,-1,IVL_Plate_v3_96cassettes_ABformat_0001,14,ivl_96_dw_v1_0001,1.0
conjugate,13,0.2,1.0,ivl_tip50_watermix_JetEmpty,-1,conj-CNB-3h8,1,15,2,0.0,15,some path,3,Jet_Empty,50,-1,IVL_Plate_v3_96cassettes_ABformat_0001,15,ivl_96_dw_v1_0001,1.0
conjugate,13,0.2,1.0,ivl_tip50_watermix_JetEmpty,-1,conj-CNB-3h8,1,16,2,0.0,16,some path,3,Jet_Empty,50,-1,IVL_Plate_v3_96cassettes_ABformat_0001,16,ivl_96_dw_v1_0001,1.0
conjugate,13,0.2,1.0,ivl_tip50_watermix_JetEmpty,-1,conj-CNB-3h8,1,17,3,0.0,17,some path,3,Jet_Empty,50,-1,IVL_Plate_v3_96cassettes_ABformat_0001,17,ivl_96_dw_v1_0001,1.0
conjugate,13,0.2,1.0,ivl_tip50_watermix_JetEmpty,-1,conj-CNB-3h8,1,18,3,0.0,18,some path,3,Jet_Empty,50,-1,IVL_Plate_v3_96cassettes_ABformat_0001,18,ivl_96_dw_v1_0001,1.0
conjugate,13,0.2,1.0,ivl_tip50_watermix_JetEmpty,-1,conj-CNB-3h8,1,19,3,0.0,19,some path,3,Jet_Empty,50,-1,IVL_Plate_v3_96cassettes_ABformat_0001,19,ivl_96_dw_v1_0001,1.0
conjugate,13,0.2,1.0,ivl_tip50_watermix_JetEmpty,-1,conj-CNB-3h8,1,20,3,0.0,20,some path,3,Jet_Empty,50,-1,IVL_Plate_v3_96cassettes_ABformat_0001,20,ivl_96_dw_v1_0001,1.0
conjugate,13,0.2,1.0,ivl_tip50_watermix_JetEmpty,-1,conj-CNB-3h8,1,21,3,0.0,21,some path,3,Jet_Empty,50,-1,IVL_Plate_v3_96cassettes_ABformat_0001,21,ivl_96_dw_v1_0001,1.0
conjugate,13,0.2,1.0,ivl_tip50_watermix_JetEmpty,-1,conj-CNB-3h8,1,22,3,0.0,22,some path,3,Jet_Empty,50,-1,IVL_Plate_v3_96cassettes_ABformat_0001,22,ivl_96_dw_v1_0001,1.0
conjugate,13,0.2,1.0,ivl_tip50_watermix_JetEmpty,-1,conj-CNB-3h8,1,23,3,0.0,23,some path,3,Jet_Empty,50,-1,IVL_Plate_v3_96cassettes_ABformat_0001,23,ivl_96_dw_v1_0001,1.0
conjugate,13,0.2,1.0,ivl_tip50_watermix_JetEmpty,-1,conj-CNB-3h8,1,24,3,0.0,24,some path,3,Jet_Empty,50,-1,IVL_Plate_v3_96cassettes_ABformat_0001,24,ivl_96_dw_v1_0001,1.0
conjugate,13,0.2,1.0,ivl_tip50_watermix_JetEmpty,-1,conj-CNB-3h8,1,25,4,0.0,25,some path,3,Jet_Empty,50,-1,IVL_Plate_v3_96cassettes_ABformat_0001,25,ivl_96_dw_v1_0001,1.0
conjugate,13,0.2,1.0,ivl_tip50_watermix_JetEmpty,-1,conj-CNB-3h8,1,26,4,0.0,26,some path,3,Jet_Empty,50,-1,IVL_Plate_v3_96cassettes_ABformat_0001,26,ivl_96_dw_v1_0001,1.0
conjugate,13,0.2,1.0,ivl_tip50_watermix_JetEmpty,-1,conj-CNB-3h8,1,27,4,0.0,27,some path,3,Jet_Empty,50,-1,IVL_Plate_v3_96cassettes_ABformat_0001,27,ivl_96_dw_v1_0001,1.0
conjugate,13,0.2,1.0,ivl_tip50_watermix_JetEmpty,-1,conj-CNB-3h8,1,28,4,0.0,28,some path,3,Jet_Empty,50,-1,IVL_Plate_v3_96cassettes_ABformat_0001,28,ivl_96_dw_v1_0001,1.0
conjugate,13,0.2,1.0,ivl_tip50_watermix_JetEmpty,-1,conj-CNB-3h8,1,29,4,0.0,29,some path,3,Jet_Empty,50,-1,IVL_Plate_v3_96cassettes_ABformat_0001,29,ivl_96_dw_v1_0001,1.0
conjugate,13,0.2,1.0,ivl_tip50_watermix_JetEmpty,-1,conj-CNB-3h8,1,30,4,0.0,30,some path,3,Jet_Empty,50,-1,IVL_Plate_v3_96cassettes_ABformat_0001,30,ivl_96_dw_v1_0001,1.0
conjugate,13,0.2,1.0,ivl_tip50_watermix_JetEmpty,-1,conj-CNB-3h8,1,31,4,0.0,31,some path,3,Jet_Empty,50,-1,IVL_Plate_v3_96cassettes_ABformat_0001,31,ivl_96_dw_v1_0001,1.0
conjugate,13,0.2,1.0,ivl_tip50_watermix_JetEmpty,-1,conj-CNB-3h8,1,32,4,0.0,32,some path,3,Jet_Empty,50,-1,IVL_Plate_v3_96cassettes_ABformat_0001,32,ivl_96_dw_v1_0001,1.0
conjugate,13,0.2,1.0,ivl_tip50_watermix_JetEmpty,-1,conj-CNB-3h8,1,33,5,0.0,33,some path,3,Jet_Empty,50,-1,IVL_Plate_v3_96cassettes_ABformat_0001,33,ivl_96_dw_v1_0001,1.0
conjugate,13,0.2,1.0,ivl_tip50_watermix_JetEmpty,-1,conj-CNB-3h8,1,34,5,0.0,34,some path,3,Jet_Empty,50,-1,IVL_Plate_v3_96cassettes_ABformat_0001,34,ivl_96_dw_v1_0001,1.0
conjugate,13,0.2,1.0,ivl_tip50_watermix_JetEmpty,-1,conj-CNB-3h8,1,35,5,0.0,35,some path,3,Jet_Empty,50,-1,IVL_Plate_v3_96cassettes_ABformat_0001,35,ivl_96_dw_v1_0001,1.0
conjugate,13,0.2,1.0,ivl_tip50_watermix_JetEmpty,-1,conj-CNB-3h8,1,36,5,0.0,36,some path,3,Jet_Empty,50,-1,IVL_Plate_v3_96cassettes_ABformat_0001,36,ivl_96_dw_v1_0001,1.0
conjugate,13,0.2,1.0,ivl_tip50_watermix_JetEmpty,-1,conj-CNB-3h8,1,37,5,0.0,37,some path,3,Jet_Empty,50,-1,IVL_Plate_v3_96cassettes_ABformat_0001,37,ivl_96_dw_v1_0001,1.0
conjugate,13,0.2,1.0,ivl_tip50_watermix_JetEmpty,-1,conj-CNB-3h8,1,38,5,0.0,38,some path,3,Jet_Empty,50,-1,IVL_Plate_v3_96cassettes_ABformat_0001,38,ivl_96_dw_v1_0001,1.0
conjugate,13,0.2,1.0,ivl_tip50_watermix_JetEmpty,-1,conj-CNB-3h8,1,39,5,0.0,39,some path,3,Jet_Empty,50,-1,IVL_Plate_v3_96cassettes_ABformat_0001,39,ivl_96_dw_v1_0001,1.0
conjugate,13,0.2,1.0,ivl_tip50_watermix_JetEmpty,-1,conj-CNB-3h8,1,40,5,0.0,40,some path,3,Jet_Empty,50,-1,IVL_Plate_v3_96cassettes_ABformat_0001,40,ivl_96_dw_v1_0001,1.0
conjugate,13,0.2,1.0,ivl_tip50_watermix_JetEmpty,-1,conj-CNB-3h8,1,41,6,0.0,41,some path,3,Jet_Empty,50,-1,IVL_Plate_v3_96cassettes_ABformat_0001,41,ivl_96_dw_v1_0001,1.0
conjugate,13,0.2,1.0,ivl_tip50_watermix_JetEmpty,-1,conj-CNB-3h8,1,42,6,0.0,42,some path,3,Jet_Empty,50,-1,IVL_Plate_v3_96cassettes_ABformat_0001,42,ivl_96_dw_v1_0001,1.0
conjugate,13,0.2,1.0,ivl_tip50_watermix_JetEmpty,-1,conj-CNB-3h8,1,43,6,0.0,43,some path,3,Jet_Empty,50,-1,IVL_Plate_v3_96cassettes_ABformat_0001,43,ivl_96_dw_v1_0001,1.0
conjugate,13,0.2,1.0,ivl_tip50_watermix_JetEmpty,-1,conj-CNB-3h8,1,44,6,0.0,44,some path,3,Jet_Empty,50,-1,IVL_Plate_v3_96cassettes_ABformat_0001,44,ivl_96_dw_v1_0001,1.0
conjugate,13,0.2,1.0,ivl_tip50_watermix_JetEmpty,-1,conj-CNB-3h8,1,45,6,0.0,45,some path,3,Jet_Empty,50,-1,IVL_Plate_v3_96cassettes_ABformat_0001,45,ivl_96_dw_v1_0001,1.0
conjugate,13,0.2,1.0,ivl_tip50_watermix_JetEmpty,-1,conj-CNB-3h8,1,46,6,0.0,46,some path,3,Jet_Empty,50,-1,IVL_Plate_v3_96cassettes_ABformat_0001,46,ivl_96_dw_v1_0001,1.0
conjugate,13,0.2,1.0,ivl_tip50_watermix_JetEmpty,-1,conj-CNB-3h8,1,47,6,0.0,47,some path,3,Jet_Empty,50,-1,IVL_Plate_v3_96cassettes_ABformat_0001,47,ivl_96_dw_v1_0001,1.0
conjugate,13,0.2,1.0,ivl_tip50_watermix_JetEmpty,-1,conj-CNB-3h8,1,48,6,0.0,48,some path,3,Jet_Empty,50,-1,IVL_Plate_v3_96cassettes_ABformat_0001,48,ivl_96_dw_v1_0001,1.0
conjugate,13,0.2,1.0,ivl_tip50_watermix_JetEmpty,-1,conj-CNB-3h8,1,49,7,0.0,49,some path,3,Jet_Empty,50,-1,IVL_Plate_v3_96cassettes_ABformat_0001,49,ivl_96_dw_v1_0001,1.0
conjugate,13,0.2,1.0,ivl_tip50_watermix_JetEmpty,-1,conj-CNB-3h8,1,50,7,0.0,50,some path,3,Jet_Empty,50,-1,IVL_Plate_v3_96cassettes_ABformat_0001,50,ivl_96_dw_v1_0001,1.0
conjugate,13,0.2,1.0,ivl_tip50_watermix_JetEmpty,-1,conj-CNB-3h8,1,51,7,0.0,51,some path,3,Jet_Empty,50,-1,IVL_Plate_v3_96cassettes_ABformat_0001,51,ivl_96_dw_v1_0001,1.0
conjugate,13,0.2,1.0,ivl_tip50_watermix_JetEmpty,-1,conj-CNB-3h8,1,52,7,0.0,52,some path,3,Jet_Empty,50,-1,IVL_Plate_v3_96cassettes_ABformat_0001,52,ivl_96_dw_v1_0001,1.0
conjugate,13,0.2,1.0,ivl_tip50_watermix_JetEmpty,-1,conj-CNB-3h8,1,53,7,0.0,53,some path,3,Jet_Empty,50,-1,IVL_Plate_v3_96cassettes_ABformat_0001,53,ivl_96_dw_v1_0001,1.0
conjugate,13,0.2,1.0,ivl_tip50_watermix_JetEmpty,-1,conj-CNB-3h8,1,54,7,0.0,54,some path,3,Jet_Empty,50,-1,IVL_Plate_v3_96cassettes_ABformat_0001,54,ivl_96_dw_v1_0001,1.0
conjugate,13,0.2,1.0,ivl_tip50_watermix_JetEmpty,-1,conj-CNB-3h8,1,55,7,0.0,55,some path,3,Jet_Empty,50,-1,IVL_Plate_v3_96cassettes_ABformat_0001,55,ivl_96_dw_v1_0001,1.0
conjugate,13,0.2,1.0,ivl_tip50_watermix_JetEmpty,-1,conj-CNB-3h8,1,56,7,0.0,56,some path,3,Jet_Empty,50,-1,IVL_Plate_v3_96cassettes_ABformat_0001,56,ivl_96_dw_v1_0001,1.0
conjugate,13,0.2,1.0,ivl_tip50_watermix_JetEmpty,-1,conj-CNB-3h8,1,57,8,0.0,57,some path,3,Jet_Empty,50,-1,IVL_Plate_v3_96cassettes_ABformat_0001,57,ivl_96_dw_v1_0001,1.0
conjugate,13,0.2,1.0,ivl_tip50_watermix_JetEmpty,-1,conj-CNB-3h8,1,58,8,0.0,58,some path,3,Jet_Empty,50,-1,IVL_Plate_v3_96cassettes_ABformat_0001,58,ivl_96_dw_v1_0001,1.0
conjugate,13,0.2,1.0,ivl_tip50_watermix_JetEmpty,-1,conj-CNB-3h8,1,59,8,0.0,59,some path,3,Jet_Empty,50,-1,IVL_Plate_v3_96cassettes_ABformat_0001,59,ivl_96_dw_v1_0001,1.0
conjugate,13,0.2,1.0,ivl_tip50_watermix_JetEmpty,-1,conj-CNB-3h8,1,60,8,0.0,60,some path,3,Jet_Empty,50,-1,IVL_Plate_v3_96cassettes_ABformat_0001,60,ivl_96_dw_v1_0001,1.0
conjugate,13,0.2,1.0,ivl_tip50_watermix_JetEmpty,-1,conj-CNB-3h8,1,61,8,0.0,61,some path,3,Jet_Empty,50,-1,IVL_Plate_v3_96cassettes_ABformat_0001,61,ivl_96_dw_v1_0001,1.0
conjugate,13,0.2,1.0,ivl_tip50_watermix_JetEmpty,-1,conj-CNB-3h8,1,62,8,0.0,62,some path,3,Jet_Empty,50,-1,IVL_Plate_v3_96cassettes_ABformat_0001,62,ivl_96_dw_v1_0001,1.0
conjugate,13,0.2,1.0,ivl_tip50_watermix_JetEmpty,-1,conj-CNB-3h8,1,63,8,0.0,63,some path,3,Jet_Empty,50,-1,IVL_Plate_v3_96cassettes_ABformat_0001,63,ivl_96_dw_v1_0001,1.0
conjugate,13,0.2,1.0,ivl_tip50_watermix_JetEmpty,-1,conj-CNB-3h8,1,64,8,0.0,64,some path,3,Jet_Empty,50,-1,IVL_Plate_v3_96cassettes_ABformat_0001,64,ivl_96_dw_v1_0001,1.0
conjugate,13,0.2,1.0,ivl_tip50_watermix_JetEmpty,-1,conj-CNB-3h8,1,65,9,0.0,65,some path,3,Jet_Empty,50,-1,IVL_Plate_v3_96cassettes_ABformat_0001,65,ivl_96_dw_v1_0001,1.0
conjugate,13,0.2,1.0,ivl_tip50_watermix_JetEmpty,-1,conj-CNB-3h8,1,66,9,0.0,66,some path,3,Jet_Empty,50,-1,IVL_Plate_v3_96cassettes_ABformat_0001,66,ivl_96_dw_v1_0001,1.0
conjugate,13,0.2,1.0,ivl_tip50_watermix_JetEmpty,-1,conj-CNB-3h8,1,67,9,0.0,67,some path,3,Jet_Empty,50,-1,IVL_Plate_v3_96cassettes_ABformat_0001,67,ivl_96_dw_v1_0001,1.0
conjugate,13,0.2,1.0,ivl_tip50_watermix_JetEmpty,-1,conj-CNB-3h8,1,68,9,0.0,68,some path,3,Jet_Empty,50,-1,IVL_Plate_v3_96cassettes_ABformat_0001,68,ivl_96_dw_v1_0001,1.0
conjugate,13,0.2,1.0,ivl_tip50_watermix_JetEmpty,-1,conj-CNB-3h8,1,69,9,0.0,69,some path,3,Jet_Empty,50,-1,IVL_Plate_v3_96cassettes_ABformat_0001,69,ivl_96_dw_v1_0001,1.0
conjugate,13,0.2,1.0,ivl_tip50_watermix_JetEmpty,-1,conj-CNB-3h8,1,70,9,0.0,70,some path,3,Jet_Empty,50,-1,IVL_Plate_v3_96cassettes_ABformat_0001,70,ivl_96_dw_v1_0001,1.0
conjugate,13,0.2,1.0,ivl_tip50_watermix_JetEmpty,-1,conj-CNB-3h8,1,71,9,0.0,71,some path,3,Jet_Empty,50,-1,IVL_Plate_v3_96cassettes_ABformat_0001,71,ivl_96_dw_v1_0001,1.0
conjugate,13,0.2,1.0,ivl_tip50_watermix_JetEmpty,-1,conj-CNB-3h8,1,72,9,0.0,72,some path,3,Jet_Empty,50,-1,IVL_Plate_v3_96cassettes_ABformat_0001,72,ivl_96_dw_v1_0001,1.0
conjugate,13,0.2,1.0,ivl_tip50_watermix_JetEmpty,-1,conj-CNB-3h8,1,73,10,0.0,73,some path,3,Jet_Empty,50,-1,IVL_Plate_v3_96cassettes_ABformat_0001,73,ivl_96_dw_v1_0001,1.0
conjugate,13,0.2,1.0,ivl_tip50_watermix_JetEmpty,-1,conj-CNB-3h8,1,74,10,0.0,74,some path,3,Jet_Empty,50,-1,IVL_Plate_v3_96cassettes_ABformat_0001,74,ivl_96_dw_v1_0001,1.0
conjugate,13,0.2,1.0,ivl_tip50_watermix_JetEmpty,-1,conj-CNB-3h8,1,75,10,0.0,75,some path,3,Jet_Empty,50,-1,IVL_Plate_v3_96cassettes_ABformat_0001,75,ivl_96_dw_v1_0001,1.0
conjugate,13,0.2,1.0,ivl_tip50_watermix_JetEmpty,-1,conj-CNB-3h8,1,76,10,0.0,76,some path,3,Jet_Empty,50,-1,IVL_Plate_v3_96cassettes_ABformat_0001,76,ivl_96_dw_v1_0001,1.0
conjugate,13,0.2,1.0,ivl_tip50_watermix_JetEmpty,-1,conj-CNB-3h8,1,77,10,0.0,77,some path,3,Jet_Empty,50,-1,IVL_Plate_v3_96cassettes_ABformat_0001,77,ivl_96_dw_v1_0001,1.0
conjugate,13,0.2,1.0,ivl_tip50_watermix_JetEmpty,-1,conj-CNB-3h8,1,78,10,0.0,78,some path,3,Jet_Empty,50,-1,IVL_Plate_v3_96cassettes_ABformat_0001,78,ivl_96_dw_v1_0001,1.0
conjugate,13,0.2,1.0,ivl_tip50_watermix_JetEmpty,-1,conj-CNB-3h8,1,79,10,0.0,79,some path,3,Jet_Empty,50,-1,IVL_Plate_v3_96cassettes_ABformat_0001,79,ivl_96_dw_v1_0001,1.0
conjugate,13,0.2,1.0,ivl_tip50_watermix_JetEmpty,-1,conj-CNB-3h8,1,80,10,0.0,80,some path,3,Jet_Empty,50,-1,IVL_Plate_v3_96cassettes_ABformat_0001,80,ivl_96_dw_v1_0001,1.0
capture,13,0.2,1.0,ivl_tip50_water_JetEmpty,-1,cap-c-H-low,2,1,11,0.0,1,some path,0,Jet_Empty,50,-1,IVL_Plate_v3_96cassettes_ABformat_0001,1,ivl_384_flat_v1_0001,1.0
capture,13,0.2,1.0,ivl_tip50_water_JetEmpty,-1,cap-c-H-low,2,2,11,0.0,2,some path,0,Jet_Empty,50,-1,IVL_Plate_v3_96cassettes_ABformat_0001,2,ivl_384_flat_v1_0001,1.0
capture,13,0.2,1.0,ivl_tip50_water_JetEmpty,-1,cap-c-H-low,2,3,11,0.0,3,some path,0,Jet_Empty,50,-1,IVL_Plate_v3_96cassettes_ABformat_0001,3,ivl_384_flat_v1_0001,1.0
capture,13,0.2,1.0,ivl_tip50_water_JetEmpty,-1,cap-c-H-low,2,4,11,0.0,4,some path,0,Jet_Empty,50,-1,IVL_Plate_v3_96cassettes_ABformat_0001,4,ivl_384_flat_v1_0001,1.0
capture,13,0.2,1.0,ivl_tip50_water_JetEmpty,-1,cap-c-H-low,2,5,11,0.0,5,some path,0,Jet_Empty,50,-1,IVL_Plate_v3_96cassettes_ABformat_0001,5,ivl_384_flat_v1_0001,1.0
capture,13,0.2,1.0,ivl_tip50_water_JetEmpty,-1,cap-d-L-high,2,6,11,0.0,6,some path,0,Jet_Empty,50,-1,IVL_Plate_v3_96cassettes_ABformat_0001,6,ivl_384_flat_v1_0001,3.0
capture,13,0.2,1.0,ivl_tip50_water_JetEmpty,-1,cap-d-L-high,2,7,11,0.0,7,some path,0,Jet_Empty,50,-1,IVL_Plate_v3_96cassettes_ABformat_0001,7,ivl_384_flat_v1_0001,3.0
capture,13,0.2,1.0,ivl_tip50_water_JetEmpty,-1,cap-d-L-high,2,8,11,0.0,8,some path,0,Jet_Empty,50,-1,IVL_Plate_v3_96cassettes_ABformat_0001,8,ivl_384_flat_v1_0001,3.0
capture,13,0.2,1.0,ivl_tip50_water_JetEmpty,-1,cap-d-L-high,2,9,12,0.0,9,some path,0,Jet_Empty,50,-1,IVL_Plate_v3_96cassettes_ABformat_0001,9,ivl_384_flat_v1_0001,3.0
capture,13,0.2,1.0,ivl_tip50_water_JetEmpty,-1,cap-d-L-high,2,10,12,0.0,10,some path,0,Jet_Empty,50,-1,IVL_Plate_v3_96cassettes_ABformat_0001,10,ivl_384_flat_v1_0001,3.0
capture,13,0.2,1.0,ivl_tip50_water_JetEmpty,-1,cap-d-L-low,2,11,12,0.0,11,some path,0,Jet_Empty,50,-1,IVL_Plate_v3_96cassettes_ABformat_0001,11,ivl_384_flat_v1_0001,5.0
capture,13,0.2,1.0,ivl_tip50_water_JetEmpty,-1,cap-d-L-low,2,12,12,0.0,12,some path,0,Jet_Empty,50,-1,IVL_Plate_v3_96cassettes_ABformat_0001,12,ivl_384_flat_v1_0001,5.0
capture,13,0.2,1.0,ivl_tip50_water_JetEmpty,-1,cap-d-L-low,2,13,12,0.0,13,some path,0,Jet_Empty,50,-1,IVL_Plate_v3_96cassettes_ABformat_0001,13,ivl_384_flat_v1_0001,5.0
capture,13,0.2,1.0,ivl_tip50_water_JetEmpty,-1,cap-d-L-low,2,14,12,0.0,14,some path,0,Jet_Empty,50,-1,IVL_Plate_v3_96cassettes_ABformat_0001,14,ivl_384_flat_v1_0001,5.0
capture,13,0.2,1.0,ivl_tip50_water_JetEmpty,-1,cap-d-L-low,2,15,12,0.0,15,some path,0,Jet_Empty,50,-1,IVL_Plate_v3_96cassettes_ABformat_0001,15,ivl_384_flat_v1_0001,5.0
capture,13,0.2,1.0,ivl_tip50_water_JetEmpty,-1,cap-d-M-high,2,16,12,0.0,16,some path,0,Jet_Empty,50,-1,IVL_Plate_v3_96cassettes_ABformat_0001,16,ivl_384_flat_v1_0001,7.0
capture,13,0.2,1.0,ivl_tip50_water_JetEmpty,-1,cap-d-M-high,2,17,13,0.0,17,some path,0,Jet_Empty,50,-1,IVL_Plate_v3_96cassettes_ABformat_0001,17,ivl_384_flat_v1_0001,7.0
capture,13,0.2,1.0,ivl_tip50_water_JetEmpty,-1,cap-d-M-high,2,18,13,0.0,18,some path,0,Jet_Empty,50,-1,IVL_Plate_v3_96cassettes_ABformat_0001,18,ivl_384_flat_v1_0001,7.0
capture,13,0.2,1.0,ivl_tip50_water_JetEmpty,-1,cap-d-M-high,2,19,13,0.0,19,some path,0,Jet_Empty,50,-1,IVL_Plate_v3_96cassettes_ABformat_0001,19,ivl_384_flat_v1_0001,7.0
capture,13,0.2,1.0,ivl_tip50_water_JetEmpty,-1,cap-d-M-high,2,20,13,0.0,20,some path,0,Jet_Empty,50,-1,IVL_Plate_v3_96cassettes_ABformat_0001,20,ivl_384_flat_v1_0001,7.0
capture,13,0.2,1.0,ivl_tip50_water_JetEmpty,-1,cap-c-H-low,2,21,13,0.0,21,some path,0,Jet_Empty,50,-1,IVL_Plate_v3_96cassettes_ABformat_0001,21,ivl_384_flat_v1_0001,1.0
capture,13,0.2,1.0,ivl_tip50_water_JetEmpty,-1,cap-c-H-low,2,22,13,0.0,22,some path,0,Jet_Empty,50,-1,IVL_Plate_v3_96cassettes_ABformat_0001,22,ivl_384_flat_v1_0001,1.0
capture,13,0.2,1.0,ivl_tip50_water_JetEmpty,-1,cap-c-H-low,2,23,13,0.0,23,some path,0,Jet_Empty,50,-1,IVL_Plate_v3_96cassettes_ABformat_0001,23,ivl_384_flat_v1_0001,1.0
capture,13,0.2,1.0,ivl_tip50_water_JetEmpty,-1,cap-c-H-low,2,24,13,0.0,24,some path,0,Jet_Empty,50,-1,IVL_Plate_v3_96cassettes_ABformat_0001,24,ivl_384_flat_v1_0001,1.0
capture,13,0.2,1.0,ivl_tip50_water_JetEmpty,-1,cap-c-H-low,2,25,14,0.0,25,some path,0,Jet_Empty,50,-1,IVL_Plate_v3_96cassettes_ABformat_0001,25,ivl_384_flat_v1_0001,1.0
capture,13,0.2,1.0,ivl_tip50_water_JetEmpty,-1,cap-d-L-high,2,26,14,0.0,26,some path,0,Jet_Empty,50,-1,IVL_Plate_v3_96cassettes_ABformat_0001,26,ivl_384_flat_v1_0001,3.0
capture,13,0.2,1.0,ivl_tip50_water_JetEmpty,-1,cap-d-L-high,2,27,14,0.0,27,some path,0,Jet_Empty,50,-1,IVL_Plate_v3_96cassettes_ABformat_0001,27,ivl_384_flat_v1_0001,3.0
capture,13,0.2,1.0,ivl_tip50_water_JetEmpty,-1,cap-d-L-high,2,28,14,0.0,28,some path,0,Jet_Empty,50,-1,IVL_Plate_v3_96cassettes_ABformat_0001,28,ivl_384_flat_v1_0001,3.0
capture,13,0.2,1.0,ivl_tip50_water_JetEmpty,-1,cap-d-L-high,2,29,14,0.0,29,some path,0,Jet_Empty,50,-1,IVL_Plate_v3_96cassettes_ABformat_0001,29,ivl_384_flat_v1_0001,3.0
capture,13,0.2,1.0,ivl_tip50_water_JetEmpty,-1,cap-d-L-high,2,30,14,0.0,30,some path,0,Jet_Empty,50,-1,IVL_Plate_v3_96cassettes_ABformat_0001,30,ivl_384_flat_v1_0001,3.0
capture,13,0.2,1.0,ivl_tip50_water_JetEmpty,-1,cap-d-L-low,2,31,14,0.0,31,some path,0,Jet_Empty,50,-1,IVL_Plate_v3_96cassettes_ABformat_0001,31,ivl_384_flat_v1_0001,5.0
capture,13,0.2,1.0,ivl_tip50_water_JetEmpty,-1,cap-d-L-low,2,32,14,0.0,32,some path,0,Jet_Empty,50,-1,IVL_Plate_v3_96cassettes_ABformat_0001,32,ivl_384_flat_v1_0001,5.0
capture,13,0.2,1.0,ivl_tip50_water_JetEmpty,-1,cap-d-L-low,2,33,15,0.0,33,some path,0,Jet_Empty,50,-1,IVL_Plate_v3_96cassettes_ABformat_0001,33,ivl_384_flat_v1_0001,5.0
capture,13,0.2,1.0,ivl_tip50_water_JetEmpty,-1,cap-d-L-low,2,34,15,0.0,34,some path,0,Jet_Empty,50,-1,IVL_Plate_v3_96cassettes_ABformat_0001,34,ivl_384_flat_v1_0001,5.0
capture,13,0.2,1.0,ivl_tip50_water_JetEmpty,-1,cap-d-L-low,2,35,15,0.0,35,some path,0,Jet_Empty,50,-1,IVL_Plate_v3_96cassettes_ABformat_0001,35,ivl_384_flat_v1_0001,5.0
capture,13,0.2,1.0,ivl_tip50_water_JetEmpty,-1,cap-d-M-high,2,36,15,0.0,36,some path,0,Jet_Empty,50,-1,IVL_Plate_v3_96cassettes_ABformat_0001,36,ivl_384_flat_v1_0001,7.0
capture,13,0.2,1.0,ivl_tip50_water_JetEmpty,-1,cap-d-M-high,2,37,15,0.0,37,some path,0,Jet_Empty,50,-1,IVL_Plate_v3_96cassettes_ABformat_0001,37,ivl_384_flat_v1_0001,7.0
capture,13,0.2,1.0,ivl_tip50_water_JetEmpty,-1,cap-d-M-high,2,38,15,0.0,38,some path,0,Jet_Empty,50,-1,IVL_Plate_v3_96cassettes_ABformat_0001,38,ivl_384_flat_v1_0001,7.0
capture,13,0.2,1.0,ivl_tip50_water_JetEmpty,-1,cap-d-M-high,2,39,15,0.0,39,some path,0,Jet_Empty,50,-1,IVL_Plate_v3_96cassettes_ABformat_0001,39,ivl_384_flat_v1_0001,7.0
capture,13,0.2,1.0,ivl_tip50_water_JetEmpty,-1,cap-d-M-high,2,40,15,0.0,40,some path,0,Jet_Empty,50,-1,IVL_Plate_v3_96cassettes_ABformat_0001,40,ivl_384_flat_v1_0001,7.0
capture,13,0.2,1.0,ivl_tip50_water_JetEmpty,-1,cap-c-H-low,2,41,16,0.0,41,some path,0,Jet_Empty,50,-1,IVL_Plate_v3_96cassettes_ABformat_0001,41,ivl_384_flat_v1_0001,1.0
capture,13,0.2,1.0,ivl_tip50_water_JetEmpty,-1,cap-c-H-low,2,42,16,0.0,42,some path,0,Jet_Empty,50,-1,IVL_Plate_v3_96cassettes_ABformat_0001,42,ivl_384_flat_v1_0001,1.0
capture,13,0.2,1.0,ivl_tip50_water_JetEmpty,-1,cap-c-H-low,2,43,16,0.0,43,some path,0,Jet_Empty,50,-1,IVL_Plate_v3_96cassettes_ABformat_0001,43,ivl_384_flat_v1_0001,1.0
capture,13,0.2,1.0,ivl_tip50_water_JetEmpty,-1,cap-c-H-low,2,44,16,0.0,44,some path,0,Jet_Empty,50,-1,IVL_Plate_v3_96cassettes_ABformat_0001,44,ivl_384_flat_v1_0001,1.0
capture,13,0.2,1.0,ivl_tip50_water_JetEmpty,-1,cap-c-H-low,2,45,16,0.0,45,some path,0,Jet_Empty,50,-1,IVL_Plate_v3_96cassettes_ABformat_0001,45,ivl_384_flat_v1_0001,1.0
capture,13,0.2,1.0,ivl_tip50_water_JetEmpty,-1,cap-d-L-high,2,46,16,0.0,46,some path,0,Jet_Empty,50,-1,IVL_Plate_v3_96cassettes_ABformat_0001,46,ivl_384_flat_v1_0001,3.0
capture,13,0.2,1.0,ivl_tip50_water_JetEmpty,-1,cap-d-L-high,2,47,16,0.0,47,some path,0,Jet_Empty,50,-1,IVL_Plate_v3_96cassettes_ABformat_0001,47,ivl_384_flat_v1_0001,3.0
capture,13,0.2,1.0,ivl_tip50_water_JetEmpty,-1,cap-d-L-high,2,48,16,0.0,48,some path,0,Jet_Empty,50,-1,IVL_Plate_v3_96cassettes_ABformat_0001,48,ivl_384_flat_v1_0001,3.0
capture,13,0.2,1.0,ivl_tip50_water_JetEmpty,-1,cap-d-L-high,2,49,17,0.0,49,some path,0,Jet_Empty,50,-1,IVL_Plate_v3_96cassettes_ABformat_0001,49,ivl_384_flat_v1_0001,3.0
capture,13,0.2,1.0,ivl_tip50_water_JetEmpty,-1,cap-d-L-high,2,50,17,0.0,50,some path,0,Jet_Empty,50,-1,IVL_Plate_v3_96cassettes_ABformat_0001,50,ivl_384_flat_v1_0001,3.0
capture,13,0.2,1.0,ivl_tip50_water_JetEmpty,-1,cap-d-L-low,2,51,17,0.0,51,some path,0,Jet_Empty,50,-1,IVL_Plate_v3_96cassettes_ABformat_0001,51,ivl_384_flat_v1_0001,5.0
capture,13,0.2,1.0,ivl_tip50_water_JetEmpty,-1,cap-d-L-low,2,52,17,0.0,52,some path,0,Jet_Empty,50,-1,IVL_Plate_v3_96cassettes_ABformat_0001,52,ivl_384_flat_v1_0001,5.0
capture,13,0.2,1.0,ivl_tip50_water_JetEmpty,-1,cap-d-L-low,2,53,17,0.0,53,some path,0,Jet_Empty,50,-1,IVL_Plate_v3_96cassettes_ABformat_0001,53,ivl_384_flat_v1_0001,5.0
capture,13,0.2,1.0,ivl_tip50_water_JetEmpty,-1,cap-d-L-low,2,54,17,0.0,54,some path,0,Jet_Empty,50,-1,IVL_Plate_v3_96cassettes_ABformat_0001,54,ivl_384_flat_v1_0001,5.0
capture,13,0.2,1.0,ivl_tip50_water_JetEmpty,-1,cap-d-L-low,2,55,17,0.0,55,some path,0,Jet_Empty,50,-1,IVL_Plate_v3_96cassettes_ABformat_0001,55,ivl_384_flat_v1_0001,5.0
capture,13,0.2,1.0,ivl_tip50_water_JetEmpty,-1,cap-d-M-high,2,56,17,0.0,56,some path,0,Jet_Empty,50,-1,IVL_Plate_v3_96cassettes_ABformat_0001,56,ivl_384_flat_v1_0001,7.0
capture,13,0.2,1.0,ivl_tip50_water_JetEmpty,-1,cap-d-M-high,2,57,18,0.0,57,some path,0,Jet_Empty,50,-1,IVL_Plate_v3_96cassettes_ABformat_0001,57,ivl_384_flat_v1_0001,7.0
capture,13,0.2,1.0,ivl_tip50_water_JetEmpty,-1,cap-d-M-high,2,58,18,0.0,58,some path,0,Jet_Empty,50,-1,IVL_Plate_v3_96cassettes_ABformat_0001,58,ivl_384_flat_v1_0001,7.0
capture,13,0.2,1.0,ivl_tip50_water_JetEmpty,-1,cap-d-M-high,2,59,18,0.0,59,some path,0,Jet_Empty,50,-1,IVL_Plate_v3_96cassettes_ABformat_0001,59,ivl_384_flat_v1_0001,7.0
capture,13,0.2,1.0,ivl_tip50_water_JetEmpty,-1,cap-d-M-high,2,60,18,0.0,60,some path,0,Jet_Empty,50,-1,IVL_Plate_v3_96cassettes_ABformat_0001,60,ivl_384_flat_v1_0001,7.0
capture,13,0.2,1.0,ivl_tip50_water_JetEmpty,-1,cap-c-H-low,2,61,18,0.0,61,some path,0,Jet_Empty,50,-1,IVL_Plate_v3_96cassettes_ABformat_0001,61,ivl_384_flat_v1_0001,1.0
capture,13,0.2,1.0,ivl_tip50_water_JetEmpty,-1,cap-c-H-low,2,62,18,0.0,62,some path,0,Jet_Empty,50,-1,IVL_Plate_v3_96cassettes_ABformat_0001,62,ivl_384_flat_v1_0001,1.0
capture,13,0.2,1.0,ivl_tip50_water_JetEmpty,-1,cap-c-H-low,2,63,18,0.0,63,some path,0,Jet_Empty,50,-1,IVL_Plate_v3_96cassettes_ABformat_0001,63,ivl_384_flat_v1_0001,1.0
capture,13,0.2,1.0,ivl_tip50_water_JetEmpty,-1,cap-c-H-low,2,64,18,0.0,64,some path,0,Jet_Empty,50,-1,IVL_Plate_v3_96cassettes_ABformat_0001,64,ivl_384_flat_v1_0001,1.0
capture,13,0.2,1.0,ivl_tip50_water_JetEmpty,-1,cap-c-H-low,2,65,19,0.0,65,some path,0,Jet_Empty,50,-1,IVL_Plate_v3_96cassettes_ABformat_0001,65,ivl_384_flat_v1_0001,1.0
capture,13,0.2,1.0,ivl_tip50_water_JetEmpty,-1,cap-d-L-high,2,66,19,0.0,66,some path,0,Jet_Empty,50,-1,IVL_Plate_v3_96cassettes_ABformat_0001,66,ivl_384_flat_v1_0001,3.0
capture,13,0.2,1.0,ivl_tip50_water_JetEmpty,-1,cap-d-L-high,2,67,19,0.0,67,some path,0,Jet_Empty,50,-1,IVL_Plate_v3_96cassettes_ABformat_0001,67,ivl_384_flat_v1_0001,3.0
capture,13,0.2,1.0,ivl_tip50_water_JetEmpty,-1,cap-d-L-high,2,68,19,0.0,68,some path,0,Jet_Empty,50,-1,IVL_Plate_v3_96cassettes_ABformat_0001,68,ivl_384_flat_v1_0001,3.0
capture,13,0.2,1.0,ivl_tip50_water_JetEmpty,-1,cap-d-L-high,2,69,19,0.0,69,some path,0,Jet_Empty,50,-1,IVL_Plate_v3_96cassettes_ABformat_0001,69,ivl_384_flat_v1_0001,3.0
capture,13,0.2,1.0,ivl_tip50_water_JetEmpty,-1,cap-d-L-high,2,70,19,0.0,70,some path,0,Jet_Empty,50,-1,IVL_Plate_v3_96cassettes_ABformat_0001,70,ivl_384_flat_v1_0001,3.0
capture,13,0.2,1.0,ivl_tip50_water_JetEmpty,-1,cap-d-L-low,2,71,19,0.0,71,some path,0,Jet_Empty,50,-1,IVL_Plate_v3_96cassettes_ABformat_0001,71,ivl_384_flat_v1_0001,5.0
capture,13,0.2,1.0,ivl_tip50_water_JetEmpty,-1,cap-d-L-low,2,72,19,0.0,72,some path,0,Jet_Empty,50,-1,IVL_Plate_v3_96cassettes_ABformat_0001,72,ivl_384_flat_v1_0001,5.0
capture,13,0.2,1.0,ivl_tip50_water_JetEmpty,-1,cap-d-L-low,2,73,20,0.0,73,some path,0,Jet_Empty,50,-1,IVL_Plate_v3_96cassettes_ABformat_0001,73,ivl_384_flat_v1_0001,5.0
capture,13,0.2,1.0,ivl_tip50_water_JetEmpty,-1,cap-d-L-low,2,74,20,0.0,74,some path,0,Jet_Empty,50,-1,IVL_Plate_v3_96cassettes_ABformat_0001,74,ivl_384_flat_v1_0001,5.0
capture,13,0.2,1.0,ivl_tip50_water_JetEmpty,-1,cap-d-L-low,2,75,20,0.0,75,some path,0,Jet_Empty,50,-1,IVL_Plate_v3_96cassettes_ABformat_0001,75,ivl_384_flat_v1_0001,5.0
capture,13,0.2,1.0,ivl_tip50_water_JetEmpty,-1,cap-d-M-high,2,76,20,0.0,76,some path,0,Jet_Empty,50,-1,IVL_Plate_v3_96cassettes_ABformat_0001,76,ivl_384_flat_v1_0001,7.0
capture,13,0.2,1.0,ivl_tip50_water_JetEmpty,-1,cap-d-M-high,2,77,20,0.0,77,some path,0,Jet_Empty,50,-1,IVL_Plate_v3_96cassettes_ABformat_0001,77,ivl_384_flat_v1_0001,7.0
capture,13,0.2,1.0,ivl_tip50_water_JetEmpty,-1,cap-d-M-high,2,78,20,0.0,78,some path,0,Jet_Empty,50,-1,IVL_Plate_v3_96cassettes_ABformat_0001,78,ivl_384_flat_v1_0001,7.0
capture,13,0.2,1.0,ivl_tip50_water_JetEmpty,-1,cap-d-M-high,2,79,20,0.0,79,some path,0,Jet_Empty,50,-1,IVL_Plate_v3_96cassettes_ABformat_0001,79,ivl_384_flat_v1_0001,7.0
capture,13,0.2,1.0,ivl_tip50_water_JetEmpty,-1,cap-d-M-high,2,80,20,0.0,80,some path,0,Jet_Empty,50,-1,IVL_Plate_v3_96cassettes_ABformat_0001,80,ivl_384_flat_v1_0001,7.0
sample,13,0.2,5.0,ivl_tip50_plasmamix_JetEmpty,0,sample-neg-00,3,1,21,0.0,1,some path,5,Jet_Empty,50,-1,IVL_Plate_v3_96cassettes_ABformat_0001,1,ivl_96_dw_v1_0001,9.0
sample,13,0.2,5.0,ivl_tip50_plasmamix_JetEmpty,0,sample-neg-01,3,2,21,0.0,2,some path,5,Jet_Empty,50,-1,IVL_Plate_v3_96cassettes_ABformat_0001,2,ivl_96_dw_v1_0001,10.0
sample,13,0.2,5.0,ivl_tip50_plasmamix_JetEmpty,0,sample-pf-00,3,3,21,0.0,3,some path,5,Jet_Empty,50,-1,IVL_Plate_v3_96cassettes_ABformat_0001,3,ivl_96_dw_v1_0001,11.0
sample,13,0.2,5.0,ivl_tip50_plasmamix_JetEmpty,0,sample-pv-00,3,4,21,0.0,4,some path,5,Jet_Empty,50,-1,IVL_Plate_v3_96cassettes_ABformat_0001,4,ivl_96_dw_v1_0001,12.0
sample,13,0.2,5.0,ivl_tip50_plasmamix_JetEmpty,0,sample-pv-01,3,5,21,0.0,5,some path,5,Jet_Empty,50,-1,IVL_Plate_v3_96cassettes_ABformat_0001,5,ivl_96_dw_v1_0001,13.0
sample,13,0.2,5.0,ivl_tip50_plasmamix_JetEmpty,0,sample-neg-00,3,6,21,0.0,6,some path,5,Jet_Empty,50,-1,IVL_Plate_v3_96cassettes_ABformat_0001,6,ivl_96_dw_v1_0001,9.0
sample,13,0.2,5.0,ivl_tip50_plasmamix_JetEmpty,0,sample-neg-01,3,7,21,0.0,7,some path,5,Jet_Empty,50,-1,IVL_Plate_v3_96cassettes_ABformat_0001,7,ivl_96_dw_v1_0001,10.0
sample,13,0.2,5.0,ivl_tip50_plasmamix_JetEmpty,0,sample-pf-00,3,8,21,0.0,8,some path,5,Jet_Empty,50,-1,IVL_Plate_v3_96cassettes_ABformat_0001,8,ivl_96_dw_v1_0001,11.0
rb,0,1.0,75.0,ivl_tip300_pbst_JetEmpty,1200,rb-current,4,1,22,0.0,1,some path,0,Jet_Empty,300,-1,IVL_Plate_v3_96cassettes_ABformat_0001,1,ivl_1_flat_v1_0001,1.0
rb,0,1.0,75.0,ivl_tip300_pbst_JetEmpty,1200,rb-current,4,2,22,0.0,2,some path,0,Jet_Empty,300,-1,IVL_Plate_v3_96cassettes_ABformat_0001,2,ivl_1_flat_v1_0001,2.0
rb,0,1.0,75.0,ivl_tip300_pbst_JetEmpty,1200,rb-current,4,3,22,0.0,3,some path,0,Jet_Empty,300,-1,IVL_Plate_v3_96cassettes_ABformat_0001,3,ivl_1_flat_v1_0001,3.0
rb,0,1.0,75.0,ivl_tip300_pbst_JetEmpty,1200,rb-current,4,4,22,0.0,4,some path,0,Jet_Empty,300,-1,IVL_Plate_v3_96cassettes_ABformat_0001,4,ivl_1_flat_v1_0001,4.0
rb,0,1.0,75.0,ivl_tip300_pbst_JetEmpty,1200,rb-current,4,5,22,0.0,5,some path,0,Jet_Empty,300,-1,IVL_Plate_v3_96cassettes_ABformat_0001,5,ivl_1_flat_v1_0001,5.0
rb,0,1.0,75.0,ivl_tip300_pbst_JetEmpty,1200,rb-current,4,6,22,0.0,6,some path,0,Jet_Empty,300,-1,IVL_Plate_v3_96cassettes_ABformat_0001,6,ivl_1_flat_v1_0001,6.0
rb,0,1.0,75.0,ivl_tip300_pbst_JetEmpty,1200,rb-current,4,7,22,0.0,7,some path,0,Jet_Empty,300,-1,IVL_Plate_v3_96cassettes_ABformat_0001,7,ivl_1_flat_v1_0001,7.0
rb,0,1.0,75.0,ivl_tip300_pbst_JetEmpty,1200,rb-current,4,8,22,0.0,8,some path,0,Jet_Empty,300,-1,IVL_Plate_v3_96cassettes_ABformat_0001,8,ivl_1_flat_v1_0001,8.0
sample,13,0.2,5.0,ivl_tip50_plasmamix_JetEmpty,0,sample-pv-00,3,9,23,0.0,9,some path,5,Jet_Empty,50,-1,IVL_Plate_v3_96cassettes_ABformat_0001,9,ivl_96_dw_v1_0001,12.0
sample,13,0.2,5.0,ivl_tip50_plasmamix_JetEmpty,0,sample-pv-01,3,10,23,0.0,10,some path,5,Jet_Empty,50,-1,IVL_Plate_v3_96cassettes_ABformat_0001,10,ivl_96_dw_v1_0001,13.0
sample,13,0.2,5.0,ivl_tip50_plasmamix_JetEmpty,0,sample-neg-00,3,11,23,0.0,11,some path,5,Jet_Empty,50,-1,IVL_Plate_v3_96cassettes_ABformat_0001,11,ivl_96_dw_v1_0001,9.0
sample,13,0.2,5.0,ivl_tip50_plasmamix_JetEmpty,0,sample-neg-01,3,12,23,0.0,12,some path,5,Jet_Empty,50,-1,IVL_Plate_v3_96cassettes_ABformat_0001,12,ivl_96_dw_v1_0001,10.0
sample,13,0.2,5.0,ivl_tip50_plasmamix_JetEmpty,0,sample-pf-00,3,13,23,0.0,13,some path,5,Jet_Empty,50,-1,IVL_Plate_v3_96cassettes_ABformat_0001,13,ivl_96_dw_v1_0001,11.0
sample,13,0.2,5.0,ivl_tip50_plasmamix_JetEmpty,0,sample-pv-00,3,14,23,0.0,14,some path,5,Jet_Empty,50,-1,IVL_Plate_v3_96cassettes_ABformat_0001,14,ivl_96_dw_v1_0001,12.0
sample,13,0.2,5.0,ivl_tip50_plasmamix_JetEmpty,0,sample-pv-01,3,15,23,0.0,15,some path,5,Jet_Empty,50,-1,IVL_Plate_v3_96cassettes_ABformat_0001,15,ivl_96_dw_v1_0001,13.0
sample,13,0.2,5.0,ivl_tip50_plasmamix_JetEmpty,0,sample-neg-00,3,16,23,0.0,16,some path,5,Jet_Empty,50,-1,IVL_Plate_v3_96cassettes_ABformat_0001,16,ivl_96_dw_v1_0001,9.0
rb,0,1.0,75.0,ivl_tip300_pbst_JetEmpty,1200,rb-current,4,9,24,0.0,9,some path,0,Jet_Empty,300,-1,IVL_Plate_v3_96cassettes_ABformat_0001,9,ivl_1_flat_v1_0001,1.0
rb,0,1.0,75.0,ivl_tip300_pbst_JetEmpty,1200,rb-current,4,10,24,0.0,10,some path,0,Jet_Empty,300,-1,IVL_Plate_v3_96cassettes_ABformat_0001,10,ivl_1_flat_v1_0001,2.0
rb,0,1.0,75.0,ivl_tip300_pbst_JetEmpty,1200,rb-current,4,11,24,0.0,11,some path,0,Jet_Empty,300,-1,IVL_Plate_v3_96cassettes_ABformat_0001,11,ivl_1_flat_v1_0001,3.0
rb,0,1.0,75.0,ivl_tip300_pbst_JetEmpty,1200,rb-current,4,12,24,0.0,12,some path,0,Jet_Empty,300,-1,IVL_Plate_v3_96cassettes_ABformat_0001,12,ivl_1_flat_v1_0001,4.0
rb,0,1.0,75.0,ivl_tip300_pbst_JetEmpty,1200,rb-current,4,13,24,0.0,13,some path,0,Jet_Empty,300,-1,IVL_Plate_v3_96cassettes_ABformat_0001,13,ivl_1_flat_v1_0001,5.0
rb,0,1.0,75.0,ivl_tip300_pbst_JetEmpty,1200,rb-current,4,14,24,0.0,14,some path,0,Jet_Empty,300,-1,IVL_Plate_v3_96cassettes_ABformat_0001,14,ivl_1_flat_v1_0001,6.0
rb,0,1.0,75.0,ivl_tip300_pbst_JetEmpty,1200,rb-current,4,15,24,0.0,15,some path,0,Jet_Empty,300,-1,IVL_Plate_v3_96cassettes_ABformat_0001,15,ivl_1_flat_v1_0001,7.0
rb,0,1.0,75.0,ivl_tip300_pbst_JetEmpty,1200,rb-current,4,16,24,0.0,16,some path,0,Jet_Empty,300,-1,IVL_Plate_v3_96cassettes_ABformat_0001,16,ivl_1_flat_v1_0001,8.0
sample,13,0.2,5.0,ivl_tip50_plasmamix_JetEmpty,0,sample-neg-01,3,17,25,0.0,17,some path,5,Jet_Empty,50,-1,IVL_Plate_v3_96cassettes_ABformat_0001,17,ivl_96_dw_v1_0001,10.0
sample,13,0.2,5.0,ivl_tip50_plasmamix_JetEmpty,0,sample-pf-00,3,18,25,0.0,18,some path,5,Jet_Empty,50,-1,IVL_Plate_v3_96cassettes_ABformat_0001,18,ivl_96_dw_v1_0001,11.0
sample,13,0.2,5.0,ivl_tip50_plasmamix_JetEmpty,0,sample-pv-00,3,19,25,0.0,19,some path,5,Jet_Empty,50,-1,IVL_Plate_v3_96cassettes_ABformat_0001,19,ivl_96_dw_v1_0001,12.0
sample,13,0.2,5.0,ivl_tip50_plasmamix_JetEmpty,0,sample-pv-01,3,20,25,0.0,20,some path,5,Jet_Empty,50,-1,IVL_Plate_v3_96cassettes_ABformat_0001,20,ivl_96_dw_v1_0001,13.0
sample,13,0.2,5.0,ivl_tip50_plasmamix_JetEmpty,0,sample-neg-00,3,21,25,0.0,21,some path,5,Jet_Empty,50,-1,IVL_Plate_v3_96cassettes_ABformat_0001,21,ivl_96_dw_v1_0001,9.0
sample,13,0.2,5.0,ivl_tip50_plasmamix_JetEmpty,0,sample-neg-01,3,22,25,0.0,22,some path,5,Jet_Empty,50,-1,IVL_Plate_v3_96cassettes_ABformat_0001,22,ivl_96_dw_v1_0001,10.0
sample,13,0.2,5.0,ivl_tip50_plasmamix_JetEmpty,0,sample-pf-00,3,23,25,0.0,23,some path,5,Jet_Empty,50,-1,IVL_Plate_v3_96cassettes_ABformat_0001,23,ivl_96_dw_v1_0001,11.0
sample,13,0.2,5.0,ivl_tip50_plasmamix_JetEmpty,0,sample-pv-00,3,24,25,0.0,24,some path,5,Jet_Empty,50,-1,IVL_Plate_v3_96cassettes_ABformat_0001,24,ivl_96_dw_v1_0001,12.0
rb,0,1.0,75.0,ivl_tip300_pbst_JetEmpty,1200,rb-current,4,17,26,0.0,17,some path,0,Jet_Empty,300,-1,IVL_Plate_v3_96cassettes_ABformat_0001,17,ivl_1_flat_v1_0001,1.0
rb,0,1.0,75.0,ivl_tip300_pbst_JetEmpty,1200,rb-current,4,18,26,0.0,18,some path,0,Jet_Empty,300,-1,IVL_Plate_v3_96cassettes_ABformat_0001,18,ivl_1_flat_v1_0001,2.0
rb,0,1.0,75.0,ivl_tip300_pbst_JetEmpty,1200,rb-current,4,19,26,0.0,19,some path,0,Jet_Empty,300,-1,IVL_Plate_v3_96cassettes_ABformat_0001,19,ivl_1_flat_v1_0001,3.0
rb,0,1.0,75.0,ivl_tip300_pbst_JetEmpty,1200,rb-current,4,20,26,0.0,20,some path,0,Jet_Empty,300,-1,IVL_Plate_v3_96cassettes_ABformat_0001,20,ivl_1_flat_v1_0001,4.0
rb,0,1.0,75.0,ivl_tip300_pbst_JetEmpty,1200,rb-current,4,21,26,0.0,21,some path,0,Jet_Empty,300,-1,IVL_Plate_v3_96cassettes_ABformat_0001,21,ivl_1_flat_v1_0001,5.0
rb,0,1.0,75.0,ivl_tip300_pbst_JetEmpty,1200,rb-current,4,22,26,0.0,22,some path,0,Jet_Empty,300,-1,IVL_Plate_v3_96cassettes_ABformat_0001,22,ivl_1_flat_v1_0001,6.0
rb,0,1.0,75.0,ivl_tip300_pbst_JetEmpty,1200,rb-current,4,23,26,0.0,23,some path,0,Jet_Empty,300,-1,IVL_Plate_v3_96cassettes_ABformat_0001,23,ivl_1_flat_v1_0001,7.0
rb,0,1.0,75.0,ivl_tip300_pbst_JetEmpty,1200,rb-current,4,24,26,0.0,24,some path,0,Jet_Empty,300,-1,IVL_Plate_v3_96cassettes_ABformat_0001,24,ivl_1_flat_v1_0001,8.0
sample,13,0.2,5.0,ivl_tip50_plasmamix_JetEmpty,0,sample-pv-01,3,25,27,0.0,25,some path,5,Jet_Empty,50,-1,IVL_Plate_v3_96cassettes_ABformat_0001,25,ivl_96_dw_v1_0001,13.0
sample,13,0.2,5.0,ivl_tip50_plasmamix_JetEmpty,0,sample-neg-00,3,26,27,0.0,26,some path,5,Jet_Empty,50,-1,IVL_Plate_v3_96cassettes_ABformat_0001,26,ivl_96_dw_v1_0001,9.0
sample,13,0.2,5.0,ivl_tip50_plasmamix_JetEmpty,0,sample-neg-01,3,27,27,0.0,27,some path,5,Jet_Empty,50,-1,IVL_Plate_v3_96cassettes_ABformat_0001,27,ivl_96_dw_v1_0001,10.0
sample,13,0.2,5.0,ivl_tip50_plasmamix_JetEmpty,0,sample-pf-00,3,28,27,0.0,28,some path,5,Jet_Empty,50,-1,IVL_Plate_v3_96cassettes_ABformat_0001,28,ivl_96_dw_v1_0001,11.0
sample,13,0.2,5.0,ivl_tip50_plasmamix_JetEmpty,0,sample-pv-00,3,29,27,0.0,29,some path,5,Jet_Empty,50,-1,IVL_Plate_v3_96cassettes_ABformat_0001,29,ivl_96_dw_v1_0001,12.0
sample,13,0.2,5.0,ivl_tip50_plasmamix_JetEmpty,0,sample-pv-01,3,30,27,0.0,30,some path,5,Jet_Empty,50,-1,IVL_Plate_v3_96cassettes_ABformat_0001,30,ivl_96_dw_v1_0001,13.0
sample,13,0.2,5.0,ivl_tip50_plasmamix_JetEmpty,0,sample-neg-00,3,31,27,0.0,31,some path,5,Jet_Empty,50,-1,IVL_Plate_v3_96cassettes_ABformat_0001,31,ivl_96_dw_v1_0001,9.0
sample,13,0.2,5.0,ivl_tip50_plasmamix_JetEmpty,0,sample-neg-01,3,32,27,0.0,32,some path,5,Jet_Empty,50,-1,IVL_Plate_v3_96cassettes_ABformat_0001,32,ivl_96_dw_v1_0001,10.0
rb,0,1.0,75.0,ivl_tip300_pbst_JetEmpty,1200,rb-current,4,25,28,0.0,25,some path,0,Jet_Empty,300,-1,IVL_Plate_v3_96cassettes_ABformat_0001,25,ivl_1_flat_v1_0001,1.0
rb,0,1.0,75.0,ivl_tip300_pbst_JetEmpty,1200,rb-current,4,26,28,0.0,26,some path,0,Jet_Empty,300,-1,IVL_Plate_v3_96cassettes_ABformat_0001,26,ivl_1_flat_v1_0001,2.0
rb,0,1.0,75.0,ivl_tip300_pbst_JetEmpty,1200,rb-current,4,27,28,0.0,27,some path,0,Jet_Empty,300,-1,IVL_Plate_v3_96cassettes_ABformat_0001,27,ivl_1_flat_v1_0001,3.0
rb,0,1.0,75.0,ivl_tip300_pbst_JetEmpty,1200,rb-current,4,28,28,0.0,28,some path,0,Jet_Empty,300,-1,IVL_Plate_v3_96cassettes_ABformat_0001,28,ivl_1_flat_v1_0001,4.0
rb,0,1.0,75.0,ivl_tip300_pbst_JetEmpty,1200,rb-current,4,29,28,0.0,29,some path,0,Jet_Empty,300,-1,IVL_Plate_v3_96cassettes_ABformat_0001,29,ivl_1_flat_v1_0001,5.0
rb,0,1.0,75.0,ivl_tip300_pbst_JetEmpty,1200,rb-current,4,30,28,0.0,30,some path,0,Jet_Empty,300,-1,IVL_Plate_v3_96cassettes_ABformat_0001,30,ivl_1_flat_v1_0001,6.0
rb,0,1.0,75.0,ivl_tip300_pbst_JetEmpty,1200,rb-current,4,31,28,0.0,31,some path,0,Jet_Empty,300,-1,IVL_Plate_v3_96cassettes_ABformat_0001,31,ivl_1_flat_v1_0001,7.0
rb,0,1.0,75.0,ivl_tip300_pbst_JetEmpty,1200,rb-current,4,32,28,0.0,32,some path,0,Jet_Empty,300,-1,IVL_Plate_v3_96cassettes_ABformat_0001,32,ivl_1_flat_v1_0001,8.0
sample,13,0.2,5.0,ivl_tip50_plasmamix_JetEmpty,0,sample-pf-00,3,33,29,0.0,33,some path,5,Jet_Empty,50,-1,IVL_Plate_v3_96cassettes_ABformat_0001,33,ivl_96_dw_v1_0001,11.0
sample,13,0.2,5.0,ivl_tip50_plasmamix_JetEmpty,0,sample-pv-00,3,34,29,0.0,34,some path,5,Jet_Empty,50,-1,IVL_Plate_v3_96cassettes_ABformat_0001,34,ivl_96_dw_v1_0001,12.0
sample,13,0.2,5.0,ivl_tip50_plasmamix_JetEmpty,0,sample-pv-01,3,35,29,0.0,35,some path,5,Jet_Empty,50,-1,IVL_Plate_v3_96cassettes_ABformat_0001,35,ivl_96_dw_v1_0001,13.0
sample,13,0.2,5.0,ivl_tip50_plasmamix_JetEmpty,0,sample-neg-00,3,36,29,0.0,36,some path,5,Jet_Empty,50,-1,IVL_Plate_v3_96cassettes_ABformat_0001,36,ivl_96_dw_v1_0001,9.0
sample,13,0.2,5.0,ivl_tip50_plasmamix_JetEmpty,0,sample-neg-01,3,37,29,0.0,37,some path,5,Jet_Empty,50,-1,IVL_Plate_v3_96cassettes_ABformat_0001,37,ivl_96_dw_v1_0001,10.0
sample,13,0.2,5.0,ivl_tip50_plasmamix_JetEmpty,0,sample-pf-00,3,38,29,0.0,38,some path,5,Jet_Empty,50,-1,IVL_Plate_v3_96cassettes_ABformat_0001,38,ivl_96_dw_v1_0001,11.0
sample,13,0.2,5.0,ivl_tip50_plasmamix_JetEmpty,0,sample-pv-00,3,39,29,0.0,39,some path,5,Jet_Empty,50,-1,IVL_Plate_v3_96cassettes_ABformat_0001,39,ivl_96_dw_v1_0001,12.0
sample,13,0.2,5.0,ivl_tip50_plasmamix_JetEmpty,0,sample-pv-01,3,40,29,0.0,40,some path,5,Jet_Empty,50,-1,IVL_Plate_v3_96cassettes_ABformat_0001,40,ivl_96_dw_v1_0001,13.0
rb,0,1.0,75.0,ivl_tip300_pbst_JetEmpty,1200,rb-current,4,33,30,0.0,33,some path,0,Jet_Empty,300,-1,IVL_Plate_v3_96cassettes_ABformat_0001,33,ivl_1_flat_v1_0001,1.0
rb,0,1.0,75.0,ivl_tip300_pbst_JetEmpty,1200,rb-current,4,34,30,0.0,34,some path,0,Jet_Empty,300,-1,IVL_Plate_v3_96cassettes_ABformat_0001,34,ivl_1_flat_v1_0001,2.0
rb,0,1.0,75.0,ivl_tip300_pbst_JetEmpty,1200,rb-current,4,35,30,0.0,35,some path,0,Jet_Empty,300,-1,IVL_Plate_v3_96cassettes_ABformat_0001,35,ivl_1_flat_v1_0001,3.0
rb,0,1.0,75.0,ivl_tip300_pbst_JetEmpty,1200,rb-current,4,36,30,0.0,36,some path,0,Jet_Empty,300,-1,IVL_Plate_v3_96cassettes_ABformat_0001,36,ivl_1_flat_v1_0001,4.0
rb,0,1.0,75.0,ivl_tip300_pbst_JetEmpty,1200,rb-current,4,37,30,0.0,37,some path,0,Jet_Empty,300,-1,IVL_Plate_v3_96cassettes_ABformat_0001,37,ivl_1_flat_v1_0001,5.0
rb,0,1.0,75.0,ivl_tip300_pbst_JetEmpty,1200,rb-current,4,38,30,0.0,38,some path,0,Jet_Empty,300,-1,IVL_Plate_v3_96cassettes_ABformat_0001,38,ivl_1_flat_v1_0001,6.0
rb,0,1.0,75.0,ivl_tip300_pbst_JetEmpty,1200,rb-current,4,39,30,0.0,39,some path,0,Jet_Empty,300,-1,IVL_Plate_v3_96cassettes_ABformat_0001,39,ivl_1_flat_v1_0001,7.0
rb,0,1.0,75.0,ivl_tip300_pbst_JetEmpty,1200,rb-current,4,40,30,0.0,40,some path,0,Jet_Empty,300,-1,IVL_Plate_v3_96cassettes_ABformat_0001,40,ivl_1_flat_v1_0001,8.0
sample,13,0.2,5.0,ivl_tip50_plasmamix_JetEmpty,0,sample-neg-00,3,41,31,0.0,41,some path,5,Jet_Empty,50,-1,IVL_Plate_v3_96cassettes_ABformat_0001,41,ivl_96_dw_v1_0001,9.0
sample,13,0.2,5.0,ivl_tip50_plasmamix_JetEmpty,0,sample-neg-01,3,42,31,0.0,42,some path,5,Jet_Empty,50,-1,IVL_Plate_v3_96cassettes_ABformat_0001,42,ivl_96_dw_v1_0001,10.0
sample,13,0.2,5.0,ivl_tip50_plasmamix_JetEmpty,0,sample-pf-00,3,43,31,0.0,43,some path,5,Jet_Empty,50,-1,IVL_Plate_v3_96cassettes_ABformat_0001,43,ivl_96_dw_v1_0001,11.0
sample,13,0.2,5.0,ivl_tip50_plasmamix_JetEmpty,0,sample-pv-00,3,44,31,0.0,44,some path,5,Jet_Empty,50,-1,IVL_Plate_v3_96cassettes_ABformat_0001,44,ivl_96_dw_v1_0001,12.0
sample,13,0.2,5.0,ivl_tip50_plasmamix_JetEmpty,0,sample-pv-01,3,45,31,0.0,45,some path,5,Jet_Empty,50,-1,IVL_Plate_v3_96cassettes_ABformat_0001,45,ivl_96_dw_v1_0001,13.0
sample,13,0.2,5.0,ivl_tip50_plasmamix_JetEmpty,0,sample-neg-00,3,46,31,0.0,46,some path,5,Jet_Empty,50,-1,IVL_Plate_v3_96cassettes_ABformat_0001,46,ivl_96_dw_v1_0001,9.0
sample,13,0.2,5.0,ivl_tip50_plasmamix_JetEmpty,0,sample-neg-01,3,47,31,0.0,47,some path,5,Jet_Empty,50,-1,IVL_Plate_v3_96cassettes_ABformat_0001,47,ivl_96_dw_v1_0001,10.0
sample,13,0.2,5.0,ivl_tip50_plasmamix_JetEmpty,0,sample-pf-00,3,48,31,0.0,48,some path,5,Jet_Empty,50,-1,IVL_Plate_v3_96cassettes_ABformat_0001,48,ivl_96_dw_v1_0001,11.0
rb,0,1.0,75.0,ivl_tip300_pbst_JetEmpty,1200,rb-current,4,41,32,0.0,41,some path,0,Jet_Empty,300,-1,IVL_Plate_v3_96cassettes_ABformat_0001,41,ivl_1_flat_v1_0001,1.0
rb,0,1.0,75.0,ivl_tip300_pbst_JetEmpty,1200,rb-current,4,42,32,0.0,42,some path,0,Jet_Empty,300,-1,IVL_Plate_v3_96cassettes_ABformat_0001,42,ivl_1_flat_v1_0001,2.0
rb,0,1.0,75.0,ivl_tip300_pbst_JetEmpty,1200,rb-current,4,43,32,0.0,43,some path,0,Jet_Empty,300,-1,IVL_Plate_v3_96cassettes_ABformat_0001,43,ivl_1_flat_v1_0001,3.0
rb,0,1.0,75.0,ivl_tip300_pbst_JetEmpty,1200,rb-current,4,44,32,0.0,44,some path,0,Jet_Empty,300,-1,IVL_Plate_v3_96cassettes_ABformat_0001,44,ivl_1_flat_v1_0001,4.0
rb,0,1.0,75.0,ivl_tip300_pbst_JetEmpty,1200,rb-current,4,45,32,0.0,45,some path,0,Jet_Empty,300,-1,IVL_Plate_v3_96cassettes_ABformat_0001,45,ivl_1_flat_v1_0001,5.0
rb,0,1.0,75.0,ivl_tip300_pbst_JetEmpty,1200,rb-current,4,46,32,0.0,46,some path,0,Jet_Empty,300,-1,IVL_Plate_v3_96cassettes_ABformat_0001,46,ivl_1_flat_v1_0001,6.0
rb,0,1.0,75.0,ivl_tip300_pbst_JetEmpty,1200,rb-current,4,47,32,0.0,47,some path,0,Jet_Empty,300,-1,IVL_Plate_v3_96cassettes_ABformat_0001,47,ivl_1_flat_v1_0001,7.0
rb,0,1.0,75.0,ivl_tip300_pbst_JetEmpty,1200,rb-current,4,48,32,0.0,48,some path,0,Jet_Empty,300,-1,IVL_Plate_v3_96cassettes_ABformat_0001,48,ivl_1_flat_v1_0001,8.0
sample,13,0.2,5.0,ivl_tip50_plasmamix_JetEmpty,0,sample-pv-00,3,49,33,0.0,49,some path,5,Jet_Empty,50,-1,IVL_Plate_v3_96cassettes_ABformat_0001,49,ivl_96_dw_v1_0001,12.0
sample,13,0.2,5.0,ivl_tip50_plasmamix_JetEmpty,0,sample-pv-01,3,50,33,0.0,50,some path,5,Jet_Empty,50,-1,IVL_Plate_v3_96cassettes_ABformat_0001,50,ivl_96_dw_v1_0001,13.0
sample,13,0.2,5.0,ivl_tip50_plasmamix_JetEmpty,0,sample-neg-00,3,51,33,0.0,51,some path,5,Jet_Empty,50,-1,IVL_Plate_v3_96cassettes_ABformat_0001,51,ivl_96_dw_v1_0001,9.0
sample,13,0.2,5.0,ivl_tip50_plasmamix_JetEmpty,0,sample-neg-01,3,52,33,0.0,52,some path,5,Jet_Empty,50,-1,IVL_Plate_v3_96cassettes_ABformat_0001,52,ivl_96_dw_v1_0001,10.0
sample,13,0.2,5.0,ivl_tip50_plasmamix_JetEmpty,0,sample-pf-00,3,53,33,0.0,53,some path,5,Jet_Empty,50,-1,IVL_Plate_v3_96cassettes_ABformat_0001,53,ivl_96_dw_v1_0001,11.0
sample,13,0.2,5.0,ivl_tip50_plasmamix_JetEmpty,0,sample-pv-00,3,54,33,0.0,54,some path,5,Jet_Empty,50,-1,IVL_Plate_v3_96cassettes_ABformat_0001,54,ivl_96_dw_v1_0001,12.0
sample,13,0.2,5.0,ivl_tip50_plasmamix_JetEmpty,0,sample-pv-01,3,55,33,0.0,55,some path,5,Jet_Empty,50,-1,IVL_Plate_v3_96cassettes_ABformat_0001,55,ivl_96_dw_v1_0001,13.0
sample,13,0.2,5.0,ivl_tip50_plasmamix_JetEmpty,0,sample-neg-00,3,56,33,0.0,56,some path,5,Jet_Empty,50,-1,IVL_Plate_v3_96cassettes_ABformat_0001,56,ivl_96_dw_v1_0001,9.0
rb,0,1.0,75.0,ivl_tip300_pbst_JetEmpty,1200,rb-current,4,49,34,0.0,49,some path,0,Jet_Empty,300,-1,IVL_Plate_v3_96cassettes_ABformat_0001,49,ivl_1_flat_v1_0001,1.0
rb,0,1.0,75.0,ivl_tip300_pbst_JetEmpty,1200,rb-current,4,50,34,0.0,50,some path,0,Jet_Empty,300,-1,IVL_Plate_v3_96cassettes_ABformat_0001,50,ivl_1_flat_v1_0001,2.0
rb,0,1.0,75.0,ivl_tip300_pbst_JetEmpty,1200,rb-current,4,51,34,0.0,51,some path,0,Jet_Empty,300,-1,IVL_Plate_v3_96cassettes_ABformat_0001,51,ivl_1_flat_v1_0001,3.0
rb,0,1.0,75.0,ivl_tip300_pbst_JetEmpty,1200,rb-current,4,52,34,0.0,52,some path,0,Jet_Empty,300,-1,IVL_Plate_v3_96cassettes_ABformat_0001,52,ivl_1_flat_v1_0001,4.0
rb,0,1.0,75.0,ivl_tip300_pbst_JetEmpty,1200,rb-current,4,53,34,0.0,53,some path,0,Jet_Empty,300,-1,IVL_Plate_v3_96cassettes_ABformat_0001,53,ivl_1_flat_v1_0001,5.0
rb,0,1.0,75.0,ivl_tip300_pbst_JetEmpty,1200,rb-current,4,54,34,0.0,54,some path,0,Jet_Empty,300,-1,IVL_Plate_v3_96cassettes_ABformat_0001,54,ivl_1_flat_v1_0001,6.0
rb,0,1.0,75.0,ivl_tip300_pbst_JetEmpty,1200,rb-current,4,55,34,0.0,55,some path,0,Jet_Empty,300,-1,IVL_Plate_v3_96cassettes_ABformat_0001,55,ivl_1_flat_v1_0001,7.0
rb,0,1.0,75.0,ivl_tip300_pbst_JetEmpty,1200,rb-current,4,56,34,0.0,56,some path,0,Jet_Empty,300,-1,IVL_Plate_v3_96cassettes_ABformat_0001,56,ivl_1_flat_v1_0001,8.0
sample,13,0.2,5.0,ivl_tip50_plasmamix_JetEmpty,0,sample-neg-01,3,57,35,0.0,57,some path,5,Jet_Empty,50,-1,IVL_Plate_v3_96cassettes_ABformat_0001,57,ivl_96_dw_v1_0001,10.0
sample,13,0.2,5.0,ivl_tip50_plasmamix_JetEmpty,0,sample-pf-00,3,58,35,0.0,58,some path,5,Jet_Empty,50,-1,IVL_Plate_v3_96cassettes_ABformat_0001,58,ivl_96_dw_v1_0001,11.0
sample,13,0.2,5.0,ivl_tip50_plasmamix_JetEmpty,0,sample-pv-00,3,59,35,0.0,59,some path,5,Jet_Empty,50,-1,IVL_Plate_v3_96cassettes_ABformat_0001,59,ivl_96_dw_v1_0001,12.0
sample,13,0.2,5.0,ivl_tip50_plasmamix_JetEmpty,0,sample-pv-01,3,60,35,0.0,60,some path,5,Jet_Empty,50,-1,IVL_Plate_v3_96cassettes_ABformat_0001,60,ivl_96_dw_v1_0001,13.0
sample,13,0.2,5.0,ivl_tip50_plasmamix_JetEmpty,0,sample-neg-00,3,61,35,0.0,61,some path,5,Jet_Empty,50,-1,IVL_Plate_v3_96cassettes_ABformat_0001,61,ivl_96_dw_v1_0001,9.0
sample,13,0.2,5.0,ivl_tip50_plasmamix_JetEmpty,0,sample-neg-01,3,62,35,0.0,62,some path,5,Jet_Empty,50,-1,IVL_Plate_v3_96cassettes_ABformat_0001,62,ivl_96_dw_v1_0001,10.0
sample,13,0.2,5.0,ivl_tip50_plasmamix_JetEmpty,0,sample-pf-00,3,63,35,0.0,63,some path,5,Jet_Empty,50,-1,IVL_Plate_v3_96cassettes_ABformat_0001,63,ivl_96_dw_v1_0001,11.0
sample,13,0.2,5.0,ivl_tip50_plasmamix_JetEmpty,0,sample-pv-00,3,64,35,0.0,64,some path,5,Jet_Empty,50,-1,IVL_Plate_v3_96cassettes_ABformat_0001,64,ivl_96_dw_v1_0001,12.0
rb,0,1.0,75.0,ivl_tip300_pbst_JetEmpty,1200,rb-current,4,57,36,0.0,57,some path,0,Jet_Empty,300,-1,IVL_Plate_v3_96cassettes_ABformat_0001,57,ivl_1_flat_v1_0001,1.0
rb,0,1.0,75.0,ivl_tip300_pbst_JetEmpty,1200,rb-current,4,58,36,0.0,58,some path,0,Jet_Empty,300,-1,IVL_Plate_v3_96cassettes_ABformat_0001,58,ivl_1_flat_v1_0001,2.0
rb,0,1.0,75.0,ivl_tip300_pbst_JetEmpty,1200,rb-current,4,59,36,0.0,59,some path,0,Jet_Empty,300,-1,IVL_Plate_v3_96cassettes_ABformat_0001,59,ivl_1_flat_v1_0001,3.0
rb,0,1.0,75.0,ivl_tip300_pbst_JetEmpty,1200,rb-current,4,60,36,0.0,60,some path,0,Jet_Empty,300,-1,IVL_Plate_v3_96cassettes_ABformat_0001,60,ivl_1_flat_v1_0001,4.0
rb,0,1.0,75.0,ivl_tip300_pbst_JetEmpty,1200,rb-current,4,61,36,0.0,61,some path,0,Jet_Empty,300,-1,IVL_Plate_v3_96cassettes_ABformat_0001,61,ivl_1_flat_v1_0001,5.0
rb,0,1.0,75.0,ivl_tip300_pbst_JetEmpty,1200,rb-current,4,62,36,0.0,62,some path,0,Jet_Empty,300,-1,IVL_Plate_v3_96cassettes_ABformat_0001,62,ivl_1_flat_v1_0001,6.0
rb,0,1.0,75.0,ivl_tip300_pbst_JetEmpty,1200,rb-current,4,63,36,0.0,63,some path,0,Jet_Empty,300,-1,IVL_Plate_v3_96cassettes_ABformat_0001,63,ivl_1_flat_v1_0001,7.0
rb,0,1.0,75.0,ivl_tip300_pbst_JetEmpty,1200,rb-current,4,64,36,0.0,64,some path,0,Jet_Empty,300,-1,IVL_Plate_v3_96cassettes_ABformat_0001,64,ivl_1_flat_v1_0001,8.0
imaging,24,0.0,0.0,ivl_tip0_imaging_JetEmpty,600,camera,5,1,37,22.0,1,some path,0,Jet_Empty,0,-1,IVL_Plate_v3_96cassettes_ABformat_0001,1,IVL_Plate_v3_96cassettes_ABformat_0001,1.0
imaging,24,0.0,0.0,ivl_tip0_imaging_JetEmpty,600,camera,5,2,37,22.0,2,some path,0,Jet_Empty,0,-1,IVL_Plate_v3_96cassettes_ABformat_0001,2,IVL_Plate_v3_96cassettes_ABformat_0001,2.0
imaging,24,0.0,0.0,ivl_tip0_imaging_JetEmpty,600,camera,5,3,37,22.0,3,some path,0,Jet_Empty,0,-1,IVL_Plate_v3_96cassettes_ABformat_0001,3,IVL_Plate_v3_96cassettes_ABformat_0001,3.0
imaging,24,0.0,0.0,ivl_tip0_imaging_JetEmpty,600,camera,5,4,37,22.0,4,some path,0,Jet_Empty,0,-1,IVL_Plate_v3_96cassettes_ABformat_0001,4,IVL_Plate_v3_96cassettes_ABformat_0001,4.0
imaging,24,0.0,0.0,ivl_tip0_imaging_JetEmpty,600,camera,5,5,37,22.0,5,some path,0,Jet_Empty,0,-1,IVL_Plate_v3_96cassettes_ABformat_0001,5,IVL_Plate_v3_96cassettes_ABformat_0001,5.0
imaging,24,0.0,0.0,ivl_tip0_imaging_JetEmpty,600,camera,5,6,37,22.0,6,some path,0,Jet_Empty,0,-1,IVL_Plate_v3_96cassettes_ABformat_0001,6,IVL_Plate_v3_96cassettes_ABformat_0001,6.0
imaging,24,0.0,0.0,ivl_tip0_imaging_JetEmpty,600,camera,5,7,37,22.0,7,some path,0,Jet_Empty,0,-1,IVL_Plate_v3_96cassettes_ABformat_0001,7,IVL_Plate_v3_96cassettes_ABformat_0001,7.0
imaging,24,0.0,0.0,ivl_tip0_imaging_JetEmpty,600,camera,5,8,37,22.0,8,some path,0,Jet_Empty,0,-1,IVL_Plate_v3_96cassettes_ABformat_0001,8,IVL_Plate_v3_96cassettes_ABformat_0001,8.0
sample,13,0.2,5.0,ivl_tip50_plasmamix_JetEmpty,0,sample-pv-01,3,65,38,0.0,65,some path,5,Jet_Empty,50,-1,IVL_Plate_v3_96cassettes_ABformat_0001,65,ivl_96_dw_v1_0001,13.0
sample,13,0.2,5.0,ivl_tip50_plasmamix_JetEmpty,0,sample-neg-00,3,66,38,0.0,66,some path,5,Jet_Empty,50,-1,IVL_Plate_v3_96cassettes_ABformat_0001,66,ivl_96_dw_v1_0001,9.0
sample,13,0.2,5.0,ivl_tip50_plasmamix_JetEmpty,0,sample-neg-01,3,67,38,0.0,67,some path,5,Jet_Empty,50,-1,IVL_Plate_v3_96cassettes_ABformat_0001,67,ivl_96_dw_v1_0001,10.0
sample,13,0.2,5.0,ivl_tip50_plasmamix_JetEmpty,0,sample-pf-00,3,68,38,0.0,68,some path,5,Jet_Empty,50,-1,IVL_Plate_v3_96cassettes_ABformat_0001,68,ivl_96_dw_v1_0001,11.0
sample,13,0.2,5.0,ivl_tip50_plasmamix_JetEmpty,0,sample-pv-00,3,69,38,0.0,69,some path,5,Jet_Empty,50,-1,IVL_Plate_v3_96cassettes_ABformat_0001,69,ivl_96_dw_v1_0001,12.0
sample,13,0.2,5.0,ivl_tip50_plasmamix_JetEmpty,0,sample-pv-01,3,70,38,0.0,70,some path,5,Jet_Empty,50,-1,IVL_Plate_v3_96cassettes_ABformat_0001,70,ivl_96_dw_v1_0001,13.0
sample,13,0.2,5.0,ivl_tip50_plasmamix_JetEmpty,0,sample-neg-00,3,71,38,0.0,71,some path,5,Jet_Empty,50,-1,IVL_Plate_v3_96cassettes_ABformat_0001,71,ivl_96_dw_v1_0001,9.0
sample,13,0.2,5.0,ivl_tip50_plasmamix_JetEmpty,0,sample-neg-01,3,72,38,0.0,72,some path,5,Jet_Empty,50,-1,IVL_Plate_v3_96cassettes_ABformat_0001,72,ivl_96_dw_v1_0001,10.0
rb,0,1.0,75.0,ivl_tip300_pbst_JetEmpty,1200,rb-current,4,65,39,0.0,65,some path,0,Jet_Empty,300,-1,IVL_Plate_v3_96cassettes_ABformat_0001,65,ivl_1_flat_v1_0001,1.0
rb,0,1.0,75.0,ivl_tip300_pbst_JetEmpty,1200,rb-current,4,66,39,0.0,66,some path,0,Jet_Empty,300,-1,IVL_Plate_v3_96cassettes_ABformat_0001,66,ivl_1_flat_v1_0001,2.0
rb,0,1.0,75.0,ivl_tip300_pbst_JetEmpty,1200,rb-current,4,67,39,0.0,67,some path,0,Jet_Empty,300,-1,IVL_Plate_v3_96cassettes_ABformat_0001,67,ivl_1_flat_v1_0001,3.0
rb,0,1.0,75.0,ivl_tip300_pbst_JetEmpty,1200,rb-current,4,68,39,0.0,68,some path,0,Jet_Empty,300,-1,IVL_Plate_v3_96cassettes_ABformat_0001,68,ivl_1_flat_v1_0001,4.0
rb,0,1.0,75.0,ivl_tip300_pbst_JetEmpty,1200,rb-current,4,69,39,0.0,69,some path,0,Jet_Empty,300,-1,IVL_Plate_v3_96cassettes_ABformat_0001,69,ivl_1_flat_v1_0001,5.0
rb,0,1.0,75.0,ivl_tip300_pbst_JetEmpty,1200,rb-current,4,70,39,0.0,70,some path,0,Jet_Empty,300,-1,IVL_Plate_v3_96cassettes_ABformat_0001,70,ivl_1_flat_v1_0001,6.0
rb,0,1.0,75.0,ivl_tip300_pbst_JetEmpty,1200,rb-current,4,71,39,0.0,71,some path,0,Jet_Empty,300,-1,IVL_Plate_v3_96cassettes_ABformat_0001,71,ivl_1_flat_v1_0001,7.0
rb,0,1.0,75.0,ivl_tip300_pbst_JetEmpty,1200,rb-current,4,72,39,0.0,72,some path,0,Jet_Empty,300,-1,IVL_Plate_v3_96cassettes_ABformat_0001,72,ivl_1_flat_v1_0001,8.0
imaging,24,0.0,0.0,ivl_tip0_imaging_JetEmpty,600,camera,5,9,40,24.0,9,some path,0,Jet_Empty,0,-1,IVL_Plate_v3_96cassettes_ABformat_0001,9,IVL_Plate_v3_96cassettes_ABformat_0001,9.0
imaging,24,0.0,0.0,ivl_tip0_imaging_JetEmpty,600,camera,5,10,40,24.0,10,some path,0,Jet_Empty,0,-1,IVL_Plate_v3_96cassettes_ABformat_0001,10,IVL_Plate_v3_96cassettes_ABformat_0001,10.0
imaging,24,0.0,0.0,ivl_tip0_imaging_JetEmpty,600,camera,5,11,40,24.0,11,some path,0,Jet_Empty,0,-1,IVL_Plate_v3_96cassettes_ABformat_0001,11,IVL_Plate_v3_96cassettes_ABformat_0001,11.0
imaging,24,0.0,0.0,ivl_tip0_imaging_JetEmpty,600,camera,5,12,40,24.0,12,some path,0,Jet_Empty,0,-1,IVL_Plate_v3_96cassettes_ABformat_0001,12,IVL_Plate_v3_96cassettes_ABformat_0001,12.0
imaging,24,0.0,0.0,ivl_tip0_imaging_JetEmpty,600,camera,5,13,40,24.0,13,some path,0,Jet_Empty,0,-1,IVL_Plate_v3_96cassettes_ABformat_0001,13,IVL_Plate_v3_96cassettes_ABformat_0001,13.0
imaging,24,0.0,0.0,ivl_tip0_imaging_JetEmpty,600,camera,5,14,40,24.0,14,some path,0,Jet_Empty,0,-1,IVL_Plate_v3_96cassettes_ABformat_0001,14,IVL_Plate_v3_96cassettes_ABformat_0001,14.0
imaging,24,0.0,0.0,ivl_tip0_imaging_JetEmpty,600,camera,5,15,40,24.0,15,some path,0,Jet_Empty,0,-1,IVL_Plate_v3_96cassettes_ABformat_0001,15,IVL_Plate_v3_96cassettes_ABformat_0001,15.0
imaging,24,0.0,0.0,ivl_tip0_imaging_JetEmpty,600,camera,5,16,40,24.0,16,some path,0,Jet_Empty,0,-1,IVL_Plate_v3_96cassettes_ABformat_0001,16,IVL_Plate_v3_96cassettes_ABformat_0001,16.0
sample,13,0.2,5.0,ivl_tip50_plasmamix_JetEmpty,0,sample-pf-00,3,73,41,0.0,73,some path,5,Jet_Empty,50,-1,IVL_Plate_v3_96cassettes_ABformat_0001,73,ivl_96_dw_v1_0001,11.0
sample,13,0.2,5.0,ivl_tip50_plasmamix_JetEmpty,0,sample-pv-00,3,74,41,0.0,74,some path,5,Jet_Empty,50,-1,IVL_Plate_v3_96cassettes_ABformat_0001,74,ivl_96_dw_v1_0001,12.0
sample,13,0.2,5.0,ivl_tip50_plasmamix_JetEmpty,0,sample-pv-01,3,75,41,0.0,75,some path,5,Jet_Empty,50,-1,IVL_Plate_v3_96cassettes_ABformat_0001,75,ivl_96_dw_v1_0001,13.0
sample,13,0.2,5.0,ivl_tip50_plasmamix_JetEmpty,0,sample-neg-00,3,76,41,0.0,76,some path,5,Jet_Empty,50,-1,IVL_Plate_v3_96cassettes_ABformat_0001,76,ivl_96_dw_v1_0001,9.0
sample,13,0.2,5.0,ivl_tip50_plasmamix_JetEmpty,0,sample-neg-01,3,77,41,0.0,77,some path,5,Jet_Empty,50,-1,IVL_Plate_v3_96cassettes_ABformat_0001,77,ivl_96_dw_v1_0001,10.0
sample,13,0.2,5.0,ivl_tip50_plasmamix_JetEmpty,0,sample-pf-00,3,78,41,0.0,78,some path,5,Jet_Empty,50,-1,IVL_Plate_v3_96cassettes_ABformat_0001,78,ivl_96_dw_v1_0001,11.0
sample,13,0.2,5.0,ivl_tip50_plasmamix_JetEmpty,0,sample-pv-00,3,79,41,0.0,79,some path,5,Jet_Empty,50,-1,IVL_Plate_v3_96cassettes_ABformat_0001,79,ivl_96_dw_v1_0001,12.0
sample,13,0.2,5.0,ivl_tip50_plasmamix_JetEmpty,0,sample-pv-01,3,80,41,0.0,80,some path,5,Jet_Empty,50,-1,IVL_Plate_v3_96cassettes_ABformat_0001,80,ivl_96_dw_v1_0001,13.0
rb,0,1.0,75.0,ivl_tip300_pbst_JetEmpty,1200,rb-current,4,73,42,0.0,73,some path,0,Jet_Empty,300,-1,IVL_Plate_v3_96cassettes_ABformat_0001,73,ivl_1_flat_v1_0001,1.0
rb,0,1.0,75.0,ivl_tip300_pbst_JetEmpty,1200,rb-current,4,74,42,0.0,74,some path,0,Jet_Empty,300,-1,IVL_Plate_v3_96cassettes_ABformat_0001,74,ivl_1_flat_v1_0001,2.0
rb,0,1.0,75.0,ivl_tip300_pbst_JetEmpty,1200,rb-current,4,75,42,0.0,75,some path,0,Jet_Empty,300,-1,IVL_Plate_v3_96cassettes_ABformat_0001,75,ivl_1_flat_v1_0001,3.0
rb,0,1.0,75.0,ivl_tip300_pbst_JetEmpty,1200,rb-current,4,76,42,0.0,76,some path,0,Jet_Empty,300,-1,IVL_Plate_v3_96cassettes_ABformat_0001,76,ivl_1_flat_v1_0001,4.0
rb,0,1.0,75.0,ivl_tip300_pbst_JetEmpty,1200,rb-current,4,77,42,0.0,77,some path,0,Jet_Empty,300,-1,IVL_Plate_v3_96cassettes_ABformat_0001,77,ivl_1_flat_v1_0001,5.0
rb,0,1.0,75.0,ivl_tip300_pbst_JetEmpty,1200,rb-current,4,78,42,0.0,78,some path,0,Jet_Empty,300,-1,IVL_Plate_v3_96cassettes_ABformat_0001,78,ivl_1_flat_v1_0001,6.0
rb,0,1.0,75.0,ivl_tip300_pbst_JetEmpty,1200,rb-current,4,79,42,0.0,79,some path,0,Jet_Empty,300,-1,IVL_Plate_v3_96cassettes_ABformat_0001,79,ivl_1_flat_v1_0001,7.0
rb,0,1.0,75.0,ivl_tip300_pbst_JetEmpty,1200,rb-current,4,80,42,0.0,80,some path,0,Jet_Empty,300,-1,IVL_Plate_v3_96cassettes_ABformat_0001,80,ivl_1_flat_v1_0001,8.0
imaging,24,0.0,0.0,ivl_tip0_imaging_JetEmpty,600,camera,5,17,43,26.0,17,some path,0,Jet_Empty,0,-1,IVL_Plate_v3_96cassettes_ABformat_0001,17,IVL_Plate_v3_96cassettes_ABformat_0001,17.0
imaging,24,0.0,0.0,ivl_tip0_imaging_JetEmpty,600,camera,5,18,43,26.0,18,some path,0,Jet_Empty,0,-1,IVL_Plate_v3_96cassettes_ABformat_0001,18,IVL_Plate_v3_96cassettes_ABformat_0001,18.0
imaging,24,0.0,0.0,ivl_tip0_imaging_JetEmpty,600,camera,5,19,43,26.0,19,some path,0,Jet_Empty,0,-1,IVL_Plate_v3_96cassettes_ABformat_0001,19,IVL_Plate_v3_96cassettes_ABformat_0001,19.0
imaging,24,0.0,0.0,ivl_tip0_imaging_JetEmpty,600,camera,5,20,43,26.0,20,some path,0,Jet_Empty,0,-1,IVL_Plate_v3_96cassettes_ABformat_0001,20,IVL_Plate_v3_96cassettes_ABformat_0001,20.0
imaging,24,0.0,0.0,ivl_tip0_imaging_JetEmpty,600,camera,5,21,43,26.0,21,some path,0,Jet_Empty,0,-1,IVL_Plate_v3_96cassettes_ABformat_0001,21,IVL_Plate_v3_96cassettes_ABformat_0001,21.0
imaging,24,0.0,0.0,ivl_tip0_imaging_JetEmpty,600,camera,5,22,43,26.0,22,some path,0,Jet_Empty,0,-1,IVL_Plate_v3_96cassettes_ABformat_0001,22,IVL_Plate_v3_96cassettes_ABformat_0001,22.0
imaging,24,0.0,0.0,ivl_tip0_imaging_JetEmpty,600,camera,5,23,43,26.0,23,some path,0,Jet_Empty,0,-1,IVL_Plate_v3_96cassettes_ABformat_0001,23,IVL_Plate_v3_96cassettes_ABformat_0001,23.0
imaging,24,0.0,0.0,ivl_tip0_imaging_JetEmpty,600,camera,5,24,43,26.0,24,some path,0,Jet_Empty,0,-1,IVL_Plate_v3_96cassettes_ABformat_0001,24,IVL_Plate_v3_96cassettes_ABformat_0001,24.0
imaging,24,0.0,0.0,ivl_tip0_imaging_JetEmpty,600,camera,5,25,44,28.0,25,some path,0,Jet_Empty,0,-1,IVL_Plate_v3_96cassettes_ABformat_0001,25,IVL_Plate_v3_96cassettes_ABformat_0001,25.0
imaging,24,0.0,0.0,ivl_tip0_imaging_JetEmpty,600,camera,5,26,44,28.0,26,some path,0,Jet_Empty,0,-1,IVL_Plate_v3_96cassettes_ABformat_0001,26,IVL_Plate_v3_96cassettes_ABformat_0001,26.0
imaging,24,0.0,0.0,ivl_tip0_imaging_JetEmpty,600,camera,5,27,44,28.0,27,some path,0,Jet_Empty,0,-1,IVL_Plate_v3_96cassettes_ABformat_0001,27,IVL_Plate_v3_96cassettes_ABformat_0001,27.0
imaging,24,0.0,0.0,ivl_tip0_imaging_JetEmpty,600,camera,5,28,44,28.0,28,some path,0,Jet_Empty,0,-1,IVL_Plate_v3_96cassettes_ABformat_0001,28,IVL_Plate_v3_96cassettes_ABformat_0001,28.0
imaging,24,0.0,0.0,ivl_tip0_imaging_JetEmpty,600,camera,5,29,44,28.0,29,some path,0,Jet_Empty,0,-1,IVL_Plate_v3_96cassettes_ABformat_0001,29,IVL_Plate_v3_96cassettes_ABformat_0001,29.0
imaging,24,0.0,0.0,ivl_tip0_imaging_JetEmpty,600,camera,5,30,44,28.0,30,some path,0,Jet_Empty,0,-1,IVL_Plate_v3_96cassettes_ABformat_0001,30,IVL_Plate_v3_96cassettes_ABformat_0001,30.0
imaging,24,0.0,0.0,ivl_tip0_imaging_JetEmpty,600,camera,5,31,44,28.0,31,some path,0,Jet_Empty,0,-1,IVL_Plate_v3_96cassettes_ABformat_0001,31,IVL_Plate_v3_96cassettes_ABformat_0001,31.0
imaging,24,0.0,0.0,ivl_tip0_imaging_JetEmpty,600,camera,5,32,44,28.0,32,some path,0,Jet_Empty,0,-1,IVL_Plate_v3_96cassettes_ABformat_0001,32,IVL_Plate_v3_96cassettes_ABformat_0001,32.0
imaging,24,0.0,0.0,ivl_tip0_imaging_JetEmpty,600,camera,5,33,45,30.0,33,some path,0,Jet_Empty,0,-1,IVL_Plate_v3_96cassettes_ABformat_0001,33,IVL_Plate_v3_96cassettes_ABformat_0001,33.0
imaging,24,0.0,0.0,ivl_tip0_imaging_JetEmpty,600,camera,5,34,45,30.0,34,some path,0,Jet_Empty,0,-1,IVL_Plate_v3_96cassettes_ABformat_0001,34,IVL_Plate_v3_96cassettes_ABformat_0001,34.0
imaging,24,0.0,0.0,ivl_tip0_imaging_JetEmpty,600,camera,5,35,45,30.0,35,some path,0,Jet_Empty,0,-1,IVL_Plate_v3_96cassettes_ABformat_0001,35,IVL_Plate_v3_96cassettes_ABformat_0001,35.0
imaging,24,0.0,0.0,ivl_tip0_imaging_JetEmpty,600,camera,5,36,45,30.0,36,some path,0,Jet_Empty,0,-1,IVL_Plate_v3_96cassettes_ABformat_0001,36,IVL_Plate_v3_96cassettes_ABformat_0001,36.0
imaging,24,0.0,0.0,ivl_tip0_imaging_JetEmpty,600,camera,5,37,45,30.0,37,some path,0,Jet_Empty,0,-1,IVL_Plate_v3_96cassettes_ABformat_0001,37,IVL_Plate_v3_96cassettes_ABformat_0001,37.0
imaging,24,0.0,0.0,ivl_tip0_imaging_JetEmpty,600,camera,5,38,45,30.0,38,some path,0,Jet_Empty,0,-1,IVL_Plate_v3_96cassettes_ABformat_0001,38,IVL_Plate_v3_96cassettes_ABformat_0001,38.0
imaging,24,0.0,0.0,ivl_tip0_imaging_JetEmpty,600,camera,5,39,45,30.0,39,some path,0,Jet_Empty,0,-1,IVL_Plate_v3_96cassettes_ABformat_0001,39,IVL_Plate_v3_96cassettes_ABformat_0001,39.0
imaging,24,0.0,0.0,ivl_tip0_imaging_JetEmpty,600,camera,5,40,45,30.0,40,some path,0,Jet_Empty,0,-1,IVL_Plate_v3_96cassettes_ABformat_0001,40,IVL_Plate_v3_96cassettes_ABformat_0001,40.0
imaging,24,0.0,0.0,ivl_tip0_imaging_JetEmpty,0,camera,6,1,46,37.0,1,some path,0,Jet_Empty,0,-1,IVL_Plate_v3_96cassettes_ABformat_0001,1,IVL_Plate_v3_96cassettes_ABformat_0001,1.0
imaging,24,0.0,0.0,ivl_tip0_imaging_JetEmpty,0,camera,6,2,46,37.0,2,some path,0,Jet_Empty,0,-1,IVL_Plate_v3_96cassettes_ABformat_0001,2,IVL_Plate_v3_96cassettes_ABformat_0001,2.0
imaging,24,0.0,0.0,ivl_tip0_imaging_JetEmpty,0,camera,6,3,46,37.0,3,some path,0,Jet_Empty,0,-1,IVL_Plate_v3_96cassettes_ABformat_0001,3,IVL_Plate_v3_96cassettes_ABformat_0001,3.0
imaging,24,0.0,0.0,ivl_tip0_imaging_JetEmpty,0,camera,6,4,46,37.0,4,some path,0,Jet_Empty,0,-1,IVL_Plate_v3_96cassettes_ABformat_0001,4,IVL_Plate_v3_96cassettes_ABformat_0001,4.0
imaging,24,0.0,0.0,ivl_tip0_imaging_JetEmpty,0,camera,6,5,46,37.0,5,some path,0,Jet_Empty,0,-1,IVL_Plate_v3_96cassettes_ABformat_0001,5,IVL_Plate_v3_96cassettes_ABformat_0001,5.0
imaging,24,0.0,0.0,ivl_tip0_imaging_JetEmpty,0,camera,6,6,46,37.0,6,some path,0,Jet_Empty,0,-1,IVL_Plate_v3_96cassettes_ABformat_0001,6,IVL_Plate_v3_96cassettes_ABformat_0001,6.0
imaging,24,0.0,0.0,ivl_tip0_imaging_JetEmpty,0,camera,6,7,46,37.0,7,some path,0,Jet_Empty,0,-1,IVL_Plate_v3_96cassettes_ABformat_0001,7,IVL_Plate_v3_96cassettes_ABformat_0001,7.0
imaging,24,0.0,0.0,ivl_tip0_imaging_JetEmpty,0,camera,6,8,46,37.0,8,some path,0,Jet_Empty,0,-1,IVL_Plate_v3_96cassettes_ABformat_0001,8,IVL_Plate_v3_96cassettes_ABformat_0001,8.0
imaging,24,0.0,0.0,ivl_tip0_imaging_JetEmpty,600,camera,5,41,47,32.0,41,some path,0,Jet_Empty,0,-1,IVL_Plate_v3_96cassettes_ABformat_0001,41,IVL_Plate_v3_96cassettes_ABformat_0001,41.0
imaging,24,0.0,0.0,ivl_tip0_imaging_JetEmpty,600,camera,5,42,47,32.0,42,some path,0,Jet_Empty,0,-1,IVL_Plate_v3_96cassettes_ABformat_0001,42,IVL_Plate_v3_96cassettes_ABformat_0001,42.0
imaging,24,0.0,0.0,ivl_tip0_imaging_JetEmpty,600,camera,5,43,47,32.0,43,some path,0,Jet_Empty,0,-1,IVL_Plate_v3_96cassettes_ABformat_0001,43,IVL_Plate_v3_96cassettes_ABformat_0001,43.0
imaging,24,0.0,0.0,ivl_tip0_imaging_JetEmpty,600,camera,5,44,47,32.0,44,some path,0,Jet_Empty,0,-1,IVL_Plate_v3_96cassettes_ABformat_0001,44,IVL_Plate_v3_96cassettes_ABformat_0001,44.0
imaging,24,0.0,0.0,ivl_tip0_imaging_JetEmpty,600,camera,5,45,47,32.0,45,some path,0,Jet_Empty,0,-1,IVL_Plate_v3_96cassettes_ABformat_0001,45,IVL_Plate_v3_96cassettes_ABformat_0001,45.0
imaging,24,0.0,0.0,ivl_tip0_imaging_JetEmpty,600,camera,5,46,47,32.0,46,some path,0,Jet_Empty,0,-1,IVL_Plate_v3_96cassettes_ABformat_0001,46,IVL_Plate_v3_96cassettes_ABformat_0001,46.0
imaging,24,0.0,0.0,ivl_tip0_imaging_JetEmpty,600,camera,5,47,47,32.0,47,some path,0,Jet_Empty,0,-1,IVL_Plate_v3_96cassettes_ABformat_0001,47,IVL_Plate_v3_96cassettes_ABformat_0001,47.0
imaging,24,0.0,0.0,ivl_tip0_imaging_JetEmpty,600,camera,5,48,47,32.0,48,some path,0,Jet_Empty,0,-1,IVL_Plate_v3_96cassettes_ABformat_0001,48,IVL_Plate_v3_96cassettes_ABformat_0001,48.0
imaging,24,0.0,0.0,ivl_tip0_imaging_JetEmpty,0,camera,6,9,48,40.0,9,some path,0,Jet_Empty,0,-1,IVL_Plate_v3_96cassettes_ABformat_0001,9,IVL_Plate_v3_96cassettes_ABformat_0001,9.0
imaging,24,0.0,0.0,ivl_tip0_imaging_JetEmpty,0,camera,6,10,48,40.0,10,some path,0,Jet_Empty,0,-1,IVL_Plate_v3_96cassettes_ABformat_0001,10,IVL_Plate_v3_96cassettes_ABformat_0001,10.0
imaging,24,0.0,0.0,ivl_tip0_imaging_JetEmpty,0,camera,6,11,48,40.0,11,some path,0,Jet_Empty,0,-1,IVL_Plate_v3_96cassettes_ABformat_0001,11,IVL_Plate_v3_96cassettes_ABformat_0001,11.0
imaging,24,0.0,0.0,ivl_tip0_imaging_JetEmpty,0,camera,6,12,48,40.0,12,some path,0,Jet_Empty,0,-1,IVL_Plate_v3_96cassettes_ABformat_0001,12,IVL_Plate_v3_96cassettes_ABformat_0001,12.0
imaging,24,0.0,0.0,ivl_tip0_imaging_JetEmpty,0,camera,6,13,48,40.0,13,some path,0,Jet_Empty,0,-1,IVL_Plate_v3_96cassettes_ABformat_0001,13,IVL_Plate_v3_96cassettes_ABformat_0001,13.0
imaging,24,0.0,0.0,ivl_tip0_imaging_JetEmpty,0,camera,6,14,48,40.0,14,some path,0,Jet_Empty,0,-1,IVL_Plate_v3_96cassettes_ABformat_0001,14,IVL_Plate_v3_96cassettes_ABformat_0001,14.0
imaging,24,0.0,0.0,ivl_tip0_imaging_JetEmpty,0,camera,6,15,48,40.0,15,some path,0,Jet_Empty,0,-1,IVL_Plate_v3_96cassettes_ABformat_0001,15,IVL_Plate_v3_96cassettes_ABformat_0001,15.0
imaging,24,0.0,0.0,ivl_tip0_imaging_JetEmpty,0,camera,6,16,48,40.0,16,some path,0,Jet_Empty,0,-1,IVL_Plate_v3_96cassettes_ABformat_0001,16,IVL_Plate_v3_96cassettes_ABformat_0001,16.0
imaging,24,0.0,0.0,ivl_tip0_imaging_JetEmpty,600,camera,5,49,49,34.0,49,some path,0,Jet_Empty,0,-1,IVL_Plate_v3_96cassettes_ABformat_0001,49,IVL_Plate_v3_96cassettes_ABformat_0001,49.0
imaging,24,0.0,0.0,ivl_tip0_imaging_JetEmpty,600,camera,5,50,49,34.0,50,some path,0,Jet_Empty,0,-1,IVL_Plate_v3_96cassettes_ABformat_0001,50,IVL_Plate_v3_96cassettes_ABformat_0001,50.0
imaging,24,0.0,0.0,ivl_tip0_imaging_JetEmpty,600,camera,5,51,49,34.0,51,some path,0,Jet_Empty,0,-1,IVL_Plate_v3_96cassettes_ABformat_0001,51,IVL_Plate_v3_96cassettes_ABformat_0001,51.0
imaging,24,0.0,0.0,ivl_tip0_imaging_JetEmpty,600,camera,5,52,49,34.0,52,some path,0,Jet_Empty,0,-1,IVL_Plate_v3_96cassettes_ABformat_0001,52,IVL_Plate_v3_96cassettes_ABformat_0001,52.0
imaging,24,0.0,0.0,ivl_tip0_imaging_JetEmpty,600,camera,5,53,49,34.0,53,some path,0,Jet_Empty,0,-1,IVL_Plate_v3_96cassettes_ABformat_0001,53,IVL_Plate_v3_96cassettes_ABformat_0001,53.0
imaging,24,0.0,0.0,ivl_tip0_imaging_JetEmpty,600,camera,5,54,49,34.0,54,some path,0,Jet_Empty,0,-1,IVL_Plate_v3_96cassettes_ABformat_0001,54,IVL_Plate_v3_96cassettes_ABformat_0001,54.0
imaging,24,0.0,0.0,ivl_tip0_imaging_JetEmpty,600,camera,5,55,49,34.0,55,some path,0,Jet_Empty,0,-1,IVL_Plate_v3_96cassettes_ABformat_0001,55,IVL_Plate_v3_96cassettes_ABformat_0001,55.0
imaging,24,0.0,0.0,ivl_tip0_imaging_JetEmpty,600,camera,5,56,49,34.0,56,some path,0,Jet_Empty,0,-1,IVL_Plate_v3_96cassettes_ABformat_0001,56,IVL_Plate_v3_96cassettes_ABformat_0001,56.0
imaging,24,0.0,0.0,ivl_tip0_imaging_JetEmpty,600,camera,5,57,50,36.0,57,some path,0,Jet_Empty,0,-1,IVL_Plate_v3_96cassettes_ABformat_0001,57,IVL_Plate_v3_96cassettes_ABformat_0001,57.0
imaging,24,0.0,0.0,ivl_tip0_imaging_JetEmpty,600,camera,5,58,50,36.0,58,some path,0,Jet_Empty,0,-1,IVL_Plate_v3_96cassettes_ABformat_0001,58,IVL_Plate_v3_96cassettes_ABformat_0001,58.0
imaging,24,0.0,0.0,ivl_tip0_imaging_JetEmpty,600,camera,5,59,50,36.0,59,some path,0,Jet_Empty,0,-1,IVL_Plate_v3_96cassettes_ABformat_0001,59,IVL_Plate_v3_96cassettes_ABformat_0001,59.0
imaging,24,0.0,0.0,ivl_tip0_imaging_JetEmpty,600,camera,5,60,50,36.0,60,some path,0,Jet_Empty,0,-1,IVL_Plate_v3_96cassettes_ABformat_0001,60,IVL_Plate_v3_96cassettes_ABformat_0001,60.0
imaging,24,0.0,0.0,ivl_tip0_imaging_JetEmpty,600,camera,5,61,50,36.0,61,some path,0,Jet_Empty,0,-1,IVL_Plate_v3_96cassettes_ABformat_0001,61,IVL_Plate_v3_96cassettes_ABformat_0001,61.0
imaging,24,0.0,0.0,ivl_tip0_imaging_JetEmpty,600,camera,5,62,50,36.0,62,some path,0,Jet_Empty,0,-1,IVL_Plate_v3_96cassettes_ABformat_0001,62,IVL_Plate_v3_96cassettes_ABformat_0001,62.0
imaging,24,0.0,0.0,ivl_tip0_imaging_JetEmpty,600,camera,5,63,50,36.0,63,some path,0,Jet_Empty,0,-1,IVL_Plate_v3_96cassettes_ABformat_0001,63,IVL_Plate_v3_96cassettes_ABformat_0001,63.0
imaging,24,0.0,0.0,ivl_tip0_imaging_JetEmpty,600,camera,5,64,50,36.0,64,some path,0,Jet_Empty,0,-1,IVL_Plate_v3_96cassettes_ABformat_0001,64,IVL_Plate_v3_96cassettes_ABformat_0001,64.0
imaging,24,0.0,0.0,ivl_tip0_imaging_JetEmpty,0,camera,6,17,51,43.0,17,some path,0,Jet_Empty,0,-1,IVL_Plate_v3_96cassettes_ABformat_0001,17,IVL_Plate_v3_96cassettes_ABformat_0001,17.0
imaging,24,0.0,0.0,ivl_tip0_imaging_JetEmpty,0,camera,6,18,51,43.0,18,some path,0,Jet_Empty,0,-1,IVL_Plate_v3_96cassettes_ABformat_0001,18,IVL_Plate_v3_96cassettes_ABformat_0001,18.0
imaging,24,0.0,0.0,ivl_tip0_imaging_JetEmpty,0,camera,6,19,51,43.0,19,some path,0,Jet_Empty,0,-1,IVL_Plate_v3_96cassettes_ABformat_0001,19,IVL_Plate_v3_96cassettes_ABformat_0001,19.0
imaging,24,0.0,0.0,ivl_tip0_imaging_JetEmpty,0,camera,6,20,51,43.0,20,some path,0,Jet_Empty,0,-1,IVL_Plate_v3_96cassettes_ABformat_0001,20,IVL_Plate_v3_96cassettes_ABformat_0001,20.0
imaging,24,0.0,0.0,ivl_tip0_imaging_JetEmpty,0,camera,6,21,51,43.0,21,some path,0,Jet_Empty,0,-1,IVL_Plate_v3_96cassettes_ABformat_0001,21,IVL_Plate_v3_96cassettes_ABformat_0001,21.0
imaging,24,0.0,0.0,ivl_tip0_imaging_JetEmpty,0,camera,6,22,51,43.0,22,some path,0,Jet_Empty,0,-1,IVL_Plate_v3_96cassettes_ABformat_0001,22,IVL_Plate_v3_96cassettes_ABformat_0001,22.0
imaging,24,0.0,0.0,ivl_tip0_imaging_JetEmpty,0,camera,6,23,51,43.0,23,some path,0,Jet_Empty,0,-1,IVL_Plate_v3_96cassettes_ABformat_0001,23,IVL_Plate_v3_96cassettes_ABformat_0001,23.0
imaging,24,0.0,0.0,ivl_tip0_imaging_JetEmpty,0,camera,6,24,51,43.0,24,some path,0,Jet_Empty,0,-1,IVL_Plate_v3_96cassettes_ABformat_0001,24,IVL_Plate_v3_96cassettes_ABformat_0001,24.0
imaging,24,0.0,0.0,ivl_tip0_imaging_JetEmpty,0,camera,6,25,52,44.0,25,some path,0,Jet_Empty,0,-1,IVL_Plate_v3_96cassettes_ABformat_0001,25,IVL_Plate_v3_96cassettes_ABformat_0001,25.0
imaging,24,0.0,0.0,ivl_tip0_imaging_JetEmpty,0,camera,6,26,52,44.0,26,some path,0,Jet_Empty,0,-1,IVL_Plate_v3_96cassettes_ABformat_0001,26,IVL_Plate_v3_96cassettes_ABformat_0001,26.0
imaging,24,0.0,0.0,ivl_tip0_imaging_JetEmpty,0,camera,6,27,52,44.0,27,some path,0,Jet_Empty,0,-1,IVL_Plate_v3_96cassettes_ABformat_0001,27,IVL_Plate_v3_96cassettes_ABformat_0001,27.0
imaging,24,0.0,0.0,ivl_tip0_imaging_JetEmpty,0,camera,6,28,52,44.0,28,some path,0,Jet_Empty,0,-1,IVL_Plate_v3_96cassettes_ABformat_0001,28,IVL_Plate_v3_96cassettes_ABformat_0001,28.0
imaging,24,0.0,0.0,ivl_tip0_imaging_JetEmpty,0,camera,6,29,52,44.0,29,some path,0,Jet_Empty,0,-1,IVL_Plate_v3_96cassettes_ABformat_0001,29,IVL_Plate_v3_96cassettes_ABformat_0001,29.0
imaging,24,0.0,0.0,ivl_tip0_imaging_JetEmpty,0,camera,6,30,52,44.0,30,some path,0,Jet_Empty,0,-1,IVL_Plate_v3_96cassettes_ABformat_0001,30,IVL_Plate_v3_96cassettes_ABformat_0001,30.0
imaging,24,0.0,0.0,ivl_tip0_imaging_JetEmpty,0,camera,6,31,52,44.0,31,some path,0,Jet_Empty,0,-1,IVL_Plate_v3_96cassettes_ABformat_0001,31,IVL_Plate_v3_96cassettes_ABformat_0001,31.0
imaging,24,0.0,0.0,ivl_tip0_imaging_JetEmpty,0,camera,6,32,52,44.0,32,some path,0,Jet_Empty,0,-1,IVL_Plate_v3_96cassettes_ABformat_0001,32,IVL_Plate_v3_96cassettes_ABformat_0001,32.0
imaging,24,0.0,0.0,ivl_tip0_imaging_JetEmpty,0,camera,6,33,53,45.0,33,some path,0,Jet_Empty,0,-1,IVL_Plate_v3_96cassettes_ABformat_0001,33,IVL_Plate_v3_96cassettes_ABformat_0001,33.0
imaging,24,0.0,0.0,ivl_tip0_imaging_JetEmpty,0,camera,6,34,53,45.0,34,some path,0,Jet_Empty,0,-1,IVL_Plate_v3_96cassettes_ABformat_0001,34,IVL_Plate_v3_96cassettes_ABformat_0001,34.0
imaging,24,0.0,0.0,ivl_tip0_imaging_JetEmpty,0,camera,6,35,53,45.0,35,some path,0,Jet_Empty,0,-1,IVL_Plate_v3_96cassettes_ABformat_0001,35,IVL_Plate_v3_96cassettes_ABformat_0001,35.0
imaging,24,0.0,0.0,ivl_tip0_imaging_JetEmpty,0,camera,6,36,53,45.0,36,some path,0,Jet_Empty,0,-1,IVL_Plate_v3_96cassettes_ABformat_0001,36,IVL_Plate_v3_96cassettes_ABformat_0001,36.0
imaging,24,0.0,0.0,ivl_tip0_imaging_JetEmpty,0,camera,6,37,53,45.0,37,some path,0,Jet_Empty,0,-1,IVL_Plate_v3_96cassettes_ABformat_0001,37,IVL_Plate_v3_96cassettes_ABformat_0001,37.0
imaging,24,0.0,0.0,ivl_tip0_imaging_JetEmpty,0,camera,6,38,53,45.0,38,some path,0,Jet_Empty,0,-1,IVL_Plate_v3_96cassettes_ABformat_0001,38,IVL_Plate_v3_96cassettes_ABformat_0001,38.0
imaging,24,0.0,0.0,ivl_tip0_imaging_JetEmpty,0,camera,6,39,53,45.0,39,some path,0,Jet_Empty,0,-1,IVL_Plate_v3_96cassettes_ABformat_0001,39,IVL_Plate_v3_96cassettes_ABformat_0001,39.0
imaging,24,0.0,0.0,ivl_tip0_imaging_JetEmpty,0,camera,6,40,53,45.0,40,some path,0,Jet_Empty,0,-1,IVL_Plate_v3_96cassettes_ABformat_0001,40,IVL_Plate_v3_96cassettes_ABformat_0001,40.0
imaging,24,0.0,0.0,ivl_tip0_imaging_JetEmpty,600,camera,5,65,54,39.0,65,some path,0,Jet_Empty,0,-1,IVL_Plate_v3_96cassettes_ABformat_0001,65,IVL_Plate_v3_96cassettes_ABformat_0001,65.0
imaging,24,0.0,0.0,ivl_tip0_imaging_JetEmpty,600,camera,5,66,54,39.0,66,some path,0,Jet_Empty,0,-1,IVL_Plate_v3_96cassettes_ABformat_0001,66,IVL_Plate_v3_96cassettes_ABformat_0001,66.0
imaging,24,0.0,0.0,ivl_tip0_imaging_JetEmpty,600,camera,5,67,54,39.0,67,some path,0,Jet_Empty,0,-1,IVL_Plate_v3_96cassettes_ABformat_0001,67,IVL_Plate_v3_96cassettes_ABformat_0001,67.0
imaging,24,0.0,0.0,ivl_tip0_imaging_JetEmpty,600,camera,5,68,54,39.0,68,some path,0,Jet_Empty,0,-1,IVL_Plate_v3_96cassettes_ABformat_0001,68,IVL_Plate_v3_96cassettes_ABformat_0001,68.0
imaging,24,0.0,0.0,ivl_tip0_imaging_JetEmpty,600,camera,5,69,54,39.0,69,some path,0,Jet_Empty,0,-1,IVL_Plate_v3_96cassettes_ABformat_0001,69,IVL_Plate_v3_96cassettes_ABformat_0001,69.0
imaging,24,0.0,0.0,ivl_tip0_imaging_JetEmpty,600,camera,5,70,54,39.0,70,some path,0,Jet_Empty,0,-1,IVL_Plate_v3_96cassettes_ABformat_0001,70,IVL_Plate_v3_96cassettes_ABformat_0001,70.0
imaging,24,0.0,0.0,ivl_tip0_imaging_JetEmpty,600,camera,5,71,54,39.0,71,some path,0,Jet_Empty,0,-1,IVL_Plate_v3_96cassettes_ABformat_0001,71,IVL_Plate_v3_96cassettes_ABformat_0001,71.0
imaging,24,0.0,0.0,ivl_tip0_imaging_JetEmpty,600,camera,5,72,54,39.0,72,some path,0,Jet_Empty,0,-1,IVL_Plate_v3_96cassettes_ABformat_0001,72,IVL_Plate_v3_96cassettes_ABformat_0001,72.0
imaging,24,0.0,0.0,ivl_tip0_imaging_JetEmpty,0,camera,6,41,55,47.0,41,some path,0,Jet_Empty,0,-1,IVL_Plate_v3_96cassettes_ABformat_0001,41,IVL_Plate_v3_96cassettes_ABformat_0001,41.0
imaging,24,0.0,0.0,ivl_tip0_imaging_JetEmpty,0,camera,6,42,55,47.0,42,some path,0,Jet_Empty,0,-1,IVL_Plate_v3_96cassettes_ABformat_0001,42,IVL_Plate_v3_96cassettes_ABformat_0001,42.0
imaging,24,0.0,0.0,ivl_tip0_imaging_JetEmpty,0,camera,6,43,55,47.0,43,some path,0,Jet_Empty,0,-1,IVL_Plate_v3_96cassettes_ABformat_0001,43,IVL_Plate_v3_96cassettes_ABformat_0001,43.0
imaging,24,0.0,0.0,ivl_tip0_imaging_JetEmpty,0,camera,6,44,55,47.0,44,some path,0,Jet_Empty,0,-1,IVL_Plate_v3_96cassettes_ABformat_0001,44,IVL_Plate_v3_96cassettes_ABformat_0001,44.0
imaging,24,0.0,0.0,ivl_tip0_imaging_JetEmpty,0,camera,6,45,55,47.0,45,some path,0,Jet_Empty,0,-1,IVL_Plate_v3_96cassettes_ABformat_0001,45,IVL_Plate_v3_96cassettes_ABformat_0001,45.0
imaging,24,0.0,0.0,ivl_tip0_imaging_JetEmpty,0,camera,6,46,55,47.0,46,some path,0,Jet_Empty,0,-1,IVL_Plate_v3_96cassettes_ABformat_0001,46,IVL_Plate_v3_96cassettes_ABformat_0001,46.0
imaging,24,0.0,0.0,ivl_tip0_imaging_JetEmpty,0,camera,6,47,55,47.0,47,some path,0,Jet_Empty,0,-1,IVL_Plate_v3_96cassettes_ABformat_0001,47,IVL_Plate_v3_96cassettes_ABformat_0001,47.0
imaging,24,0.0,0.0,ivl_tip0_imaging_JetEmpty,0,camera,6,48,55,47.0,48,some path,0,Jet_Empty,0,-1,IVL_Plate_v3_96cassettes_ABformat_0001,48,IVL_Plate_v3_96cassettes_ABformat_0001,48.0
imaging,24,0.0,0.0,ivl_tip0_imaging_JetEmpty,600,camera,5,73,56,42.0,73,some path,0,Jet_Empty,0,-1,IVL_Plate_v3_96cassettes_ABformat_0001,73,IVL_Plate_v3_96cassettes_ABformat_0001,73.0
imaging,24,0.0,0.0,ivl_tip0_imaging_JetEmpty,600,camera,5,74,56,42.0,74,some path,0,Jet_Empty,0,-1,IVL_Plate_v3_96cassettes_ABformat_0001,74,IVL_Plate_v3_96cassettes_ABformat_0001,74.0
imaging,24,0.0,0.0,ivl_tip0_imaging_JetEmpty,600,camera,5,75,56,42.0,75,some path,0,Jet_Empty,0,-1,IVL_Plate_v3_96cassettes_ABformat_0001,75,IVL_Plate_v3_96cassettes_ABformat_0001,75.0
imaging,24,0.0,0.0,ivl_tip0_imaging_JetEmpty,600,camera,5,76,56,42.0,76,some path,0,Jet_Empty,0,-1,IVL_Plate_v3_96cassettes_ABformat_0001,76,IVL_Plate_v3_96cassettes_ABformat_0001,76.0
imaging,24,0.0,0.0,ivl_tip0_imaging_JetEmpty,600,camera,5,77,56,42.0,77,some path,0,Jet_Empty,0,-1,IVL_Plate_v3_96cassettes_ABformat_0001,77,IVL_Plate_v3_96cassettes_ABformat_0001,77.0
imaging,24,0.0,0.0,ivl_tip0_imaging_JetEmpty,600,camera,5,78,56,42.0,78,some path,0,Jet_Empty,0,-1,IVL_Plate_v3_96cassettes_ABformat_0001,78,IVL_Plate_v3_96cassettes_ABformat_0001,78.0
imaging,24,0.0,0.0,ivl_tip0_imaging_JetEmpty,600,camera,5,79,56,42.0,79,some path,0,Jet_Empty,0,-1,IVL_Plate_v3_96cassettes_ABformat_0001,79,IVL_Plate_v3_96cassettes_ABformat_0001,79.0
imaging,24,0.0,0.0,ivl_tip0_imaging_JetEmpty,600,camera,5,80,56,42.0,80,some path,0,Jet_Empty,0,-1,IVL_Plate_v3_96cassettes_ABformat_0001,80,IVL_Plate_v3_96cassettes_ABformat_0001,80.0
imaging,24,0.0,0.0,ivl_tip0_imaging_JetEmpty,0,camera,6,49,57,49.0,49,some path,0,Jet_Empty,0,-1,IVL_Plate_v3_96cassettes_ABformat_0001,49,IVL_Plate_v3_96cassettes_ABformat_0001,49.0
imaging,24,0.0,0.0,ivl_tip0_imaging_JetEmpty,0,camera,6,50,57,49.0,50,some path,0,Jet_Empty,0,-1,IVL_Plate_v3_96cassettes_ABformat_0001,50,IVL_Plate_v3_96cassettes_ABformat_0001,50.0
imaging,24,0.0,0.0,ivl_tip0_imaging_JetEmpty,0,camera,6,51,57,49.0,51,some path,0,Jet_Empty,0,-1,IVL_Plate_v3_96cassettes_ABformat_0001,51,IVL_Plate_v3_96cassettes_ABformat_0001,51.0
imaging,24,0.0,0.0,ivl_tip0_imaging_JetEmpty,0,camera,6,52,57,49.0,52,some path,0,Jet_Empty,0,-1,IVL_Plate_v3_96cassettes_ABformat_0001,52,IVL_Plate_v3_96cassettes_ABformat_0001,52.0
imaging,24,0.0,0.0,ivl_tip0_imaging_JetEmpty,0,camera,6,53,57,49.0,53,some path,0,Jet_Empty,0,-1,IVL_Plate_v3_96cassettes_ABformat_0001,53,IVL_Plate_v3_96cassettes_ABformat_0001,53.0
imaging,24,0.0,0.0,ivl_tip0_imaging_JetEmpty,0,camera,6,54,57,49.0,54,some path,0,Jet_Empty,0,-1,IVL_Plate_v3_96cassettes_ABformat_0001,54,IVL_Plate_v3_96cassettes_ABformat_0001,54.0
imaging,24,0.0,0.0,ivl_tip0_imaging_JetEmpty,0,camera,6,55,57,49.0,55,some path,0,Jet_Empty,0,-1,IVL_Plate_v3_96cassettes_ABformat_0001,55,IVL_Plate_v3_96cassettes_ABformat_0001,55.0
imaging,24,0.0,0.0,ivl_tip0_imaging_JetEmpty,0,camera,6,56,57,49.0,56,some path,0,Jet_Empty,0,-1,IVL_Plate_v3_96cassettes_ABformat_0001,56,IVL_Plate_v3_96cassettes_ABformat_0001,56.0
imaging,24,0.0,0.0,ivl_tip0_imaging_JetEmpty,0,camera,6,57,58,50.0,57,some path,0,Jet_Empty,0,-1,IVL_Plate_v3_96cassettes_ABformat_0001,57,IVL_Plate_v3_96cassettes_ABformat_0001,57.0
imaging,24,0.0,0.0,ivl_tip0_imaging_JetEmpty,0,camera,6,58,58,50.0,58,some path,0,Jet_Empty,0,-1,IVL_Plate_v3_96cassettes_ABformat_0001,58,IVL_Plate_v3_96cassettes_ABformat_0001,58.0
imaging,24,0.0,0.0,ivl_tip0_imaging_JetEmpty,0,camera,6,59,58,50.0,59,some path,0,Jet_Empty,0,-1,IVL_Plate_v3_96cassettes_ABformat_0001,59,IVL_Plate_v3_96cassettes_ABformat_0001,59.0
imaging,24,0.0,0.0,ivl_tip0_imaging_JetEmpty,0,camera,6,60,58,50.0,60,some path,0,Jet_Empty,0,-1,IVL_Plate_v3_96cassettes_ABformat_0001,60,IVL_Plate_v3_96cassettes_ABformat_0001,60.0
imaging,24,0.0,0.0,ivl_tip0_imaging_JetEmpty,0,camera,6,61,58,50.0,61,some path,0,Jet_Empty,0,-1,IVL_Plate_v3_96cassettes_ABformat_0001,61,IVL_Plate_v3_96cassettes_ABformat_0001,61.0
imaging,24,0.0,0.0,ivl_tip0_imaging_JetEmpty,0,camera,6,62,58,50.0,62,some path,0,Jet_Empty,0,-1,IVL_Plate_v3_96cassettes_ABformat_0001,62,IVL_Plate_v3_96cassettes_ABformat_0001,62.0
imaging,24,0.0,0.0,ivl_tip0_imaging_JetEmpty,0,camera,6,63,58,50.0,63,some path,0,Jet_Empty,0,-1,IVL_Plate_v3_96cassettes_ABformat_0001,63,IVL_Plate_v3_96cassettes_ABformat_0001,63.0
imaging,24,0.0,0.0,ivl_tip0_imaging_JetEmpty,0,camera,6,64,58,50.0,64,some path,0,Jet_Empty,0,-1,IVL_Plate_v3_96cassettes_ABformat_0001,64,IVL_Plate_v3_96cassettes_ABformat_0001,64.0
imaging,24,0.0,0.0,ivl_tip0_imaging_JetEmpty,0,camera,6,65,59,54.0,65,some path,0,Jet_Empty,0,-1,IVL_Plate_v3_96cassettes_ABformat_0001,65,IVL_Plate_v3_96cassettes_ABformat_0001,65.0
imaging,24,0.0,0.0,ivl_tip0_imaging_JetEmpty,0,camera,6,66,59,54.0,66,some path,0,Jet_Empty,0,-1,IVL_Plate_v3_96cassettes_ABformat_0001,66,IVL_Plate_v3_96cassettes_ABformat_0001,66.0
imaging,24,0.0,0.0,ivl_tip0_imaging_JetEmpty,0,camera,6,67,59,54.0,67,some path,0,Jet_Empty,0,-1,IVL_Plate_v3_96cassettes_ABformat_0001,67,IVL_Plate_v3_96cassettes_ABformat_0001,67.0
imaging,24,0.0,0.0,ivl_tip0_imaging_JetEmpty,0,camera,6,68,59,54.0,68,some path,0,Jet_Empty,0,-1,IVL_Plate_v3_96cassettes_ABformat_0001,68,IVL_Plate_v3_96cassettes_ABformat_0001,68.0
imaging,24,0.0,0.0,ivl_tip0_imaging_JetEmpty,0,camera,6,69,59,54.0,69,some path,0,Jet_Empty,0,-1,IVL_Plate_v3_96cassettes_ABformat_0001,69,IVL_Plate_v3_96cassettes_ABformat_0001,69.0
imaging,24,0.0,0.0,ivl_tip0_imaging_JetEmpty,0,camera,6,70,59,54.0,70,some path,0,Jet_Empty,0,-1,IVL_Plate_v3_96cassettes_ABformat_0001,70,IVL_Plate_v3_96cassettes_ABformat_0001,70.0
imaging,24,0.0,0.0,ivl_tip0_imaging_JetEmpty,0,camera,6,71,59,54.0,71,some path,0,Jet_Empty,0,-1,IVL_Plate_v3_96cassettes_ABformat_0001,71,IVL_Plate_v3_96cassettes_ABformat_0001,71.0
imaging,24,0.0,0.0,ivl_tip0_imaging_JetEmpty,0,camera,6,72,59,54.0,72,some path,0,Jet_Empty,0,-1,IVL_Plate_v3_96cassettes_ABformat_0001,72,IVL_Plate_v3_96cassettes_ABformat_0001,72.0
imaging,24,0.0,0.0,ivl_tip0_imaging_JetEmpty,0,camera,6,73,60,56.0,73,some path,0,Jet_Empty,0,-1,IVL_Plate_v3_96cassettes_ABformat_0001,73,IVL_Plate_v3_96cassettes_ABformat_0001,73.0
imaging,24,0.0,0.0,ivl_tip0_imaging_JetEmpty,0,camera,6,74,60,56.0,74,some path,0,Jet_Empty,0,-1,IVL_Plate_v3_96cassettes_ABformat_0001,74,IVL_Plate_v3_96cassettes_ABformat_0001,74.0
imaging,24,0.0,0.0,ivl_tip0_imaging_JetEmpty,0,camera,6,75,60,56.0,75,some path,0,Jet_Empty,0,-1,IVL_Plate_v3_96cassettes_ABformat_0001,75,IVL_Plate_v3_96cassettes_ABformat_0001,75.0
imaging,24,0.0,0.0,ivl_tip0_imaging_JetEmpty,0,camera,6,76,60,56.0,76,some path,0,Jet_Empty,0,-1,IVL_Plate_v3_96cassettes_ABformat_0001,76,IVL_Plate_v3_96cassettes_ABformat_0001,76.0
imaging,24,0.0,0.0,ivl_tip0_imaging_JetEmpty,0,camera,6,77,60,56.0,77,some path,0,Jet_Empty,0,-1,IVL_Plate_v3_96cassettes_ABformat_0001,77,IVL_Plate_v3_96cassettes_ABformat_0001,77.0
imaging,24,0.0,0.0,ivl_tip0_imaging_JetEmpty,0,camera,6,78,60,56.0,78,some path,0,Jet_Empty,0,-1,IVL_Plate_v3_96cassettes_ABformat_0001,78,IVL_Plate_v3_96cassettes_ABformat_0001,78.0
imaging,24,0.0,0.0,ivl_tip0_imaging_JetEmpty,0,camera,6,79,60,56.0,79,some path,0,Jet_Empty,0,-1,IVL_Plate_v3_96cassettes_ABformat_0001,79,IVL_Plate_v3_96cassettes_ABformat_0001,79.0
imaging,24,0.0,0.0,ivl_tip0_imaging_JetEmpty,0,camera,6,80,60,56.0,80,some path,0,Jet_Empty,0,-1,IVL_Plate_v3_96cassettes_ABformat_0001,80,IVL_Plate_v3_96cassettes_ABformat_0001,80.0
