step,dx,dz,volume,liquid_class,time,source,step_index,step_group_index,previous_step_index,destination,destination_group,group,previous_group
conjugate,13,0.2,1,watermix,-1,conj-CNB-3h8,1,1,0,1,1,1,0
conjugate,13,0.2,1,watermix,-1,conj-CNB-3h8,1,1,0,2,1,1,0
conjugate,13,0.2,1,watermix,-1,conj-CNB-3h8,1,1,0,3,1,1,0
conjugate,13,0.2,1,watermix,-1,conj-CNB-3h8,1,1,0,4,1,1,0
conjugate,13,0.2,1,watermix,-1,conj-CNB-3h8,1,1,0,5,1,1,0
conjugate,13,0.2,1,watermix,-1,conj-CNB-3h8,1,1,0,6,1,1,0
conjugate,13,0.2,1,watermix,-1,conj-CNB-3h8,1,1,0,7,1,1,0
conjugate,13,0.2,1,watermix,-1,conj-CNB-3h8,1,1,0,8,1,1,0
conjugate,13,0.2,1,watermix,-1,conj-CNB-3h8,1,1,0,9,2,2,0
conjugate,13,0.2,1,watermix,-1,conj-CNB-3h8,1,1,0,10,2,2,0
conjugate,13,0.2,1,watermix,-1,conj-CNB-3h8,1,1,0,11,2,2,0
conjugate,13,0.2,1,watermix,-1,conj-CNB-3h8,1,1,0,12,2,2,0
conjugate,13,0.2,1,watermix,-1,conj-CNB-3h8,1,1,0,13,2,2,0
conjugate,13,0.2,1,watermix,-1,conj-CNB-3h8,1,1,0,14,2,2,0
conjugate,13,0.2,1,watermix,-1,conj-CNB-3h8,1,1,0,15,2,2,0
conjugate,13,0.2,1,watermix,-1,conj-CNB-3h8,1,1,0,16,2,2,0
conjugate,13,0.2,1,watermix,-1,conj-CNB-3h8,1,1,0,17,3,3,0
conjugate,13,0.2,1,watermix,-1,conj-CNB-3h8,1,1,0,18,3,3,0
conjugate,13,0.2,1,watermix,-1,conj-CNB-3h8,1,1,0,19,3,3,0
conjugate,13,0.2,1,watermix,-1,conj-CNB-3h8,1,1,0,20,3,3,0
conjugate,13,0.2,1,watermix,-1,conj-CNB-3h8,1,1,0,21,3,3,0
conjugate,13,0.2,1,watermix,-1,conj-CNB-3h8,1,1,0,22,3,3,0
conjugate,13,0.2,1,watermix,-1,conj-CNB-3h8,1,1,0,23,3,3,0
conjugate,13,0.2,1,watermix,-1,conj-CNB-3h8,1,1,0,24,3,3,0
conjugate,13,0.2,1,watermix,-1,conj-CNB-3h8,1,1,0,25,4,4,0
conjugate,13,0.2,1,watermix,-1,conj-CNB-3h8,1,1,0,26,4,4,0
conjugate,13,0.2,1,watermix,-1,conj-CNB-3h8,1,1,0,27,4,4,0
conjugate,13,0.2,1,watermix,-1,conj-CNB-3h8,1,1,0,28,4,4,0
conjugate,13,0.2,1,watermix,-1,conj-CNB-3h8,1,1,0,29,4,4,0
conjugate,13,0.2,1,watermix,-1,conj-CNB-3h8,1,1,0,30,4,4,0
conjugate,13,0.2,1,watermix,-1,conj-CNB-3h8,1,1,0,31,4,4,0
conjugate,13,0.2,1,watermix,-1,conj-CNB-3h8,1,1,0,32,4,4,0
conjugate,13,0.2,1,watermix,-1,conj-CNB-3h8,1,1,0,33,5,5,0
conjugate,13,0.2,1,watermix,-1,conj-CNB-3h8,1,1,0,34,5,5,0
conjugate,13,0.2,1,watermix,-1,conj-CNB-3h8,1,1,0,35,5,5,0
conjugate,13,0.2,1,watermix,-1,conj-CNB-3h8,1,1,0,36,5,5,0
conjugate,13,0.2,1,watermix,-1,conj-CNB-3h8,1,1,0,37,5,5,0
conjugate,13,0.2,1,watermix,-1,conj-CNB-3h8,1,1,0,38,5,5,0
conjugate,13,0.2,1,watermix,-1,conj-CNB-3h8,1,1,0,39,5,5,0
conjugate,13,0.2,1,watermix,-1,conj-CNB-3h8,1,1,0,40,5,5,0
conjugate,13,0.2,1,watermix,-1,conj-CNB-3h8,1,1,0,41,6,6,0
conjugate,13,0.2,1,watermix,-1,conj-CNB-3h8,1,1,0,42,6,6,0
conjugate,13,0.2,1,watermix,-1,conj-CNB-3h8,1,1,0,43,6,6,0
conjugate,13,0.2,1,watermix,-1,conj-CNB-3h8,1,1,0,44,6,6,0
conjugate,13,0.2,1,watermix,-1,conj-CNB-3h8,1,1,0,45,6,6,0
conjugate,13,0.2,1,watermix,-1,conj-CNB-3h8,1,1,0,46,6,6,0
conjugate,13,0.2,1,watermix,-1,conj-CNB-3h8,1,1,0,47,6,6,0
conjugate,13,0.2,1,watermix,-1,conj-CNB-3h8,1,1,0,48,6,6,0
conjugate,13,0.2,1,watermix,-1,conj-CNB-3h8,1,1,0,49,7,7,0
conjugate,13,0.2,1,watermix,-1,conj-CNB-3h8,1,1,0,50,7,7,0
conjugate,13,0.2,1,watermix,-1,conj-CNB-3h8,1,1,0,51,7,7,0
conjugate,13,0.2,1,watermix,-1,conj-CNB-3h8,1,1,0,52,7,7,0
conjugate,13,0.2,1,watermix,-1,conj-CNB-3h8,1,1,0,53,7,7,0
conjugate,13,0.2,1,watermix,-1,conj-CNB-3h8,1,1,0,54,7,7,0
conjugate,13,0.2,1,watermix,-1,conj-CNB-3h8,1,1,0,55,7,7,0
conjugate,13,0.2,1,watermix,-1,conj-CNB-3h8,1,1,0,56,7,7,0
conjugate,13,0.2,1,watermix,-1,conj-CNB-3h8,1,1,0,57,8,8,0
conjugate,13,0.2,1,watermix,-1,conj-CNB-3h8,1,1,0,58,8,8,0
conjugate,13,0.2,1,watermix,-1,conj-CNB-3h8,1,1,0,59,8,8,0
conjugate,13,0.2,1,watermix,-1,conj-CNB-3h8,1,1,0,60,8,8,0
conjugate,13,0.2,1,watermix,-1,conj-CNB-3h8,1,1,0,61,8,8,0
conjugate,13,0.2,1,watermix,-1,conj-CNB-3h8,1,1,0,62,8,8,0
conjugate,13,0.2,1,watermix,-1,conj-CNB-3h8,1,1,0,63,8,8,0
conjugate,13,0.2,1,watermix,-1,conj-CNB-3h8,1,1,0,64,8,8,0
conjugate,13,0.2,1,watermix,-1,conj-CNB-3h8,1,1,0,65,9,9,0
conjugate,13,0.2,1,watermix,-1,conj-CNB-3h8,1,1,0,66,9,9,0
conjugate,13,0.2,1,watermix,-1,conj-CNB-3h8,1,1,0,67,9,9,0
conjugate,13,0.2,1,watermix,-1,conj-CNB-3h8,1,1,0,68,9,9,0
conjugate,13,0.2,1,watermix,-1,conj-CNB-3h8,1,1,0,69,9,9,0
conjugate,13,0.2,1,watermix,-1,conj-CNB-3h8,1,1,0,70,9,9,0
conjugate,13,0.2,1,watermix,-1,conj-CNB-3h8,1,1,0,71,9,9,0
conjugate,13,0.2,1,watermix,-1,conj-CNB-3h8,1,1,0,72,9,9,0
conjugate,13,0.2,1,watermix,-1,conj-CNB-3h8,1,1,0,73,10,10,0
conjugate,13,0.2,1,watermix,-1,conj-CNB-3h8,1,1,0,74,10,10,0
conjugate,13,0.2,1,watermix,-1,conj-CNB-3h8,1,1,0,75,10,10,0
conjugate,13,0.2,1,watermix,-1,conj-CNB-3h8,1,1,0,76,10,10,0
conjugate,13,0.2,1,watermix,-1,conj-CNB-3h8,1,1,0,77,10,10,0
conjugate,13,0.2,1,watermix,-1,conj-CNB-3h8,1,1,0,78,10,10,0
conjugate,13,0.2,1,watermix,-1,conj-CNB-3h8,1,1,0,79,10,10,0
conjugate,13,0.2,1,watermix,-1,conj-CNB-3h8,1,1,0,80,10,10,0
capture,13,0.2,1,water,-1,cap-c-H-high,2,2,0,1,1,11,0
capture,13,0.2,1,water,-1,cap-c-H-high,2,2,0,2,1,11,0
capture,13,0.2,1,water,-1,cap-c-H-high,2,2,0,3,1,11,0
capture,13,0.2,1,water,-1,cap-c-H-high,2,2,0,4,1,11,0
capture,13,0.2,1,water,-1,cap-c-H-high,2,2,0,5,1,11,0
capture,13,0.2,1,water,-1,cap-c-L-low,2,2,0,6,1,11,0
capture,13,0.2,1,water,-1,cap-c-L-low,2,2,0,7,1,11,0
capture,13,0.2,1,water,-1,cap-c-L-low,2,2,0,8,1,11,0
capture,13,0.2,1,water,-1,cap-c-L-low,2,2,0,9,2,12,0
capture,13,0.2,1,water,-1,cap-c-L-low,2,2,0,10,2,12,0
capture,13,0.2,1,water,-1,cap-c-M-high,2,2,0,11,2,12,0
capture,13,0.2,1,water,-1,cap-c-M-high,2,2,0,12,2,12,0
capture,13,0.2,1,water,-1,cap-c-M-high,2,2,0,13,2,12,0
capture,13,0.2,1,water,-1,cap-c-M-high,2,2,0,14,2,12,0
capture,13,0.2,1,water,-1,cap-c-M-high,2,2,0,15,2,12,0
capture,13,0.2,1,water,-1,cap-c-M-low,2,2,0,16,2,12,0
capture,13,0.2,1,water,-1,cap-c-M-low,2,2,0,17,3,13,0
capture,13,0.2,1,water,-1,cap-c-M-low,2,2,0,18,3,13,0
capture,13,0.2,1,water,-1,cap-c-M-low,2,2,0,19,3,13,0
capture,13,0.2,1,water,-1,cap-c-M-low,2,2,0,20,3,13,0
capture,13,0.2,1,water,-1,cap-c-H-high,2,2,0,21,3,13,0
capture,13,0.2,1,water,-1,cap-c-H-high,2,2,0,22,3,13,0
capture,13,0.2,1,water,-1,cap-c-H-high,2,2,0,23,3,13,0
capture,13,0.2,1,water,-1,cap-c-H-high,2,2,0,24,3,13,0
capture,13,0.2,1,water,-1,cap-c-H-high,2,2,0,25,4,14,0
capture,13,0.2,1,water,-1,cap-c-L-low,2,2,0,26,4,14,0
capture,13,0.2,1,water,-1,cap-c-L-low,2,2,0,27,4,14,0
capture,13,0.2,1,water,-1,cap-c-L-low,2,2,0,28,4,14,0
capture,13,0.2,1,water,-1,cap-c-L-low,2,2,0,29,4,14,0
capture,13,0.2,1,water,-1,cap-c-L-low,2,2,0,30,4,14,0
capture,13,0.2,1,water,-1,cap-c-M-high,2,2,0,31,4,14,0
capture,13,0.2,1,water,-1,cap-c-M-high,2,2,0,32,4,14,0
capture,13,0.2,1,water,-1,cap-c-M-high,2,2,0,33,5,15,0
capture,13,0.2,1,water,-1,cap-c-M-high,2,2,0,34,5,15,0
capture,13,0.2,1,water,-1,cap-c-M-high,2,2,0,35,5,15,0
capture,13,0.2,1,water,-1,cap-c-M-low,2,2,0,36,5,15,0
capture,13,0.2,1,water,-1,cap-c-M-low,2,2,0,37,5,15,0
capture,13,0.2,1,water,-1,cap-c-M-low,2,2,0,38,5,15,0
capture,13,0.2,1,water,-1,cap-c-M-low,2,2,0,39,5,15,0
capture,13,0.2,1,water,-1,cap-c-M-low,2,2,0,40,5,15,0
capture,13,0.2,1,water,-1,cap-c-H-high,2,2,0,41,6,16,0
capture,13,0.2,1,water,-1,cap-c-H-high,2,2,0,42,6,16,0
capture,13,0.2,1,water,-1,cap-c-H-high,2,2,0,43,6,16,0
capture,13,0.2,1,water,-1,cap-c-H-high,2,2,0,44,6,16,0
capture,13,0.2,1,water,-1,cap-c-H-high,2,2,0,45,6,16,0
capture,13,0.2,1,water,-1,cap-c-L-low,2,2,0,46,6,16,0
capture,13,0.2,1,water,-1,cap-c-L-low,2,2,0,47,6,16,0
capture,13,0.2,1,water,-1,cap-c-L-low,2,2,0,48,6,16,0
capture,13,0.2,1,water,-1,cap-c-L-low,2,2,0,49,7,17,0
capture,13,0.2,1,water,-1,cap-c-L-low,2,2,0,50,7,17,0
capture,13,0.2,1,water,-1,cap-c-M-high,2,2,0,51,7,17,0
capture,13,0.2,1,water,-1,cap-c-M-high,2,2,0,52,7,17,0
capture,13,0.2,1,water,-1,cap-c-M-high,2,2,0,53,7,17,0
capture,13,0.2,1,water,-1,cap-c-M-high,2,2,0,54,7,17,0
capture,13,0.2,1,water,-1,cap-c-M-high,2,2,0,55,7,17,0
capture,13,0.2,1,water,-1,cap-c-M-low,2,2,0,56,7,17,0
capture,13,0.2,1,water,-1,cap-c-M-low,2,2,0,57,8,18,0
capture,13,0.2,1,water,-1,cap-c-M-low,2,2,0,58,8,18,0
capture,13,0.2,1,water,-1,cap-c-M-low,2,2,0,59,8,18,0
capture,13,0.2,1,water,-1,cap-c-M-low,2,2,0,60,8,18,0
capture,13,0.2,1,water,-1,cap-c-H-high,2,2,0,61,8,18,0
capture,13,0.2,1,water,-1,cap-c-H-high,2,2,0,62,8,18,0
capture,13,0.2,1,water,-1,cap-c-H-high,2,2,0,63,8,18,0
capture,13,0.2,1,water,-1,cap-c-H-high,2,2,0,64,8,18,0
capture,13,0.2,1,water,-1,cap-c-H-high,2,2,0,65,9,19,0
capture,13,0.2,1,water,-1,cap-c-L-low,2,2,0,66,9,19,0
capture,13,0.2,1,water,-1,cap-c-L-low,2,2,0,67,9,19,0
capture,13,0.2,1,water,-1,cap-c-L-low,2,2,0,68,9,19,0
capture,13,0.2,1,water,-1,cap-c-L-low,2,2,0,69,9,19,0
capture,13,0.2,1,water,-1,cap-c-L-low,2,2,0,70,9,19,0
capture,13,0.2,1,water,-1,cap-c-M-high,2,2,0,71,9,19,0
capture,13,0.2,1,water,-1,cap-c-M-high,2,2,0,72,9,19,0
capture,13,0.2,1,water,-1,cap-c-M-high,2,2,0,73,10,20,0
capture,13,0.2,1,water,-1,cap-c-M-high,2,2,0,74,10,20,0
capture,13,0.2,1,water,-1,cap-c-M-high,2,2,0,75,10,20,0
capture,13,0.2,1,water,-1,cap-c-M-low,2,2,0,76,10,20,0
capture,13,0.2,1,water,-1,cap-c-M-low,2,2,0,77,10,20,0
capture,13,0.2,1,water,-1,cap-c-M-low,2,2,0,78,10,20,0
capture,13,0.2,1,water,-1,cap-c-M-low,2,2,0,79,10,20,0
capture,13,0.2,1,water,-1,cap-c-M-low,2,2,0,80,10,20,0
sample,13,0.2,5,plasmamix5,0,sample-neg-00,3,3,0,1,1,21,0
sample,13,0.2,5,plasmamix5,0,sample-neg-01,3,3,0,2,1,21,0
sample,13,0.2,5,plasmamix5,0,sample-pf-00,3,3,0,3,1,21,0
sample,13,0.2,5,plasmamix5,0,sample-pv-00,3,3,0,4,1,21,0
sample,13,0.2,5,plasmamix5,0,sample-pv-01,3,3,0,5,1,21,0
sample,13,0.2,5,plasmamix5,0,sample-neg-00,3,3,0,6,1,21,0
sample,13,0.2,5,plasmamix5,0,sample-neg-01,3,3,0,7,1,21,0
sample,13,0.2,5,plasmamix5,0,sample-pf-00,3,3,0,8,1,21,0
rb,0,1.0,75,pbst,1200,rb-current,4,3,0,1,1,22,0
rb,0,1.0,75,pbst,1200,rb-current,4,3,0,2,1,22,0
rb,0,1.0,75,pbst,1200,rb-current,4,3,0,3,1,22,0
rb,0,1.0,75,pbst,1200,rb-current,4,3,0,4,1,22,0
rb,0,1.0,75,pbst,1200,rb-current,4,3,0,5,1,22,0
rb,0,1.0,75,pbst,1200,rb-current,4,3,0,6,1,22,0
rb,0,1.0,75,pbst,1200,rb-current,4,3,0,7,1,22,0
rb,0,1.0,75,pbst,1200,rb-current,4,3,0,8,1,22,0
sample,13,0.2,5,plasmamix5,0,sample-pv-00,3,3,0,9,2,23,0
sample,13,0.2,5,plasmamix5,0,sample-pv-01,3,3,0,10,2,23,0
sample,13,0.2,5,plasmamix5,0,sample-neg-00,3,3,0,11,2,23,0
sample,13,0.2,5,plasmamix5,0,sample-neg-01,3,3,0,12,2,23,0
sample,13,0.2,5,plasmamix5,0,sample-pf-00,3,3,0,13,2,23,0
sample,13,0.2,5,plasmamix5,0,sample-pv-00,3,3,0,14,2,23,0
sample,13,0.2,5,plasmamix5,0,sample-pv-01,3,3,0,15,2,23,0
sample,13,0.2,5,plasmamix5,0,sample-neg-00,3,3,0,16,2,23,0
rb,0,1.0,75,pbst,1200,rb-current,4,3,0,9,2,24,0
rb,0,1.0,75,pbst,1200,rb-current,4,3,0,10,2,24,0
rb,0,1.0,75,pbst,1200,rb-current,4,3,0,11,2,24,0
rb,0,1.0,75,pbst,1200,rb-current,4,3,0,12,2,24,0
rb,0,1.0,75,pbst,1200,rb-current,4,3,0,13,2,24,0
rb,0,1.0,75,pbst,1200,rb-current,4,3,0,14,2,24,0
rb,0,1.0,75,pbst,1200,rb-current,4,3,0,15,2,24,0
rb,0,1.0,75,pbst,1200,rb-current,4,3,0,16,2,24,0
sample,13,0.2,5,plasmamix5,0,sample-neg-01,3,3,0,17,3,25,0
sample,13,0.2,5,plasmamix5,0,sample-pf-00,3,3,0,18,3,25,0
sample,13,0.2,5,plasmamix5,0,sample-pv-00,3,3,0,19,3,25,0
sample,13,0.2,5,plasmamix5,0,sample-pv-01,3,3,0,20,3,25,0
sample,13,0.2,5,plasmamix5,0,sample-neg-00,3,3,0,21,3,25,0
sample,13,0.2,5,plasmamix5,0,sample-neg-01,3,3,0,22,3,25,0
sample,13,0.2,5,plasmamix5,0,sample-pf-00,3,3,0,23,3,25,0
sample,13,0.2,5,plasmamix5,0,sample-pv-00,3,3,0,24,3,25,0
rb,0,1.0,75,pbst,1200,rb-current,4,3,0,17,3,26,0
rb,0,1.0,75,pbst,1200,rb-current,4,3,0,18,3,26,0
rb,0,1.0,75,pbst,1200,rb-current,4,3,0,19,3,26,0
rb,0,1.0,75,pbst,1200,rb-current,4,3,0,20,3,26,0
rb,0,1.0,75,pbst,1200,rb-current,4,3,0,21,3,26,0
rb,0,1.0,75,pbst,1200,rb-current,4,3,0,22,3,26,0
rb,0,1.0,75,pbst,1200,rb-current,4,3,0,23,3,26,0
rb,0,1.0,75,pbst,1200,rb-current,4,3,0,24,3,26,0
sample,13,0.2,5,plasmamix5,0,sample-pv-01,3,3,0,25,4,27,0
sample,13,0.2,5,plasmamix5,0,sample-neg-00,3,3,0,26,4,27,0
sample,13,0.2,5,plasmamix5,0,sample-neg-01,3,3,0,27,4,27,0
sample,13,0.2,5,plasmamix5,0,sample-pf-00,3,3,0,28,4,27,0
sample,13,0.2,5,plasmamix5,0,sample-pv-00,3,3,0,29,4,27,0
sample,13,0.2,5,plasmamix5,0,sample-pv-01,3,3,0,30,4,27,0
sample,13,0.2,5,plasmamix5,0,sample-neg-00,3,3,0,31,4,27,0
sample,13,0.2,5,plasmamix5,0,sample-neg-01,3,3,0,32,4,27,0
rb,0,1.0,75,pbst,1200,rb-current,4,3,0,25,4,28,0
rb,0,1.0,75,pbst,1200,rb-current,4,3,0,26,4,28,0
rb,0,1.0,75,pbst,1200,rb-current,4,3,0,27,4,28,0
rb,0,1.0,75,pbst,1200,rb-current,4,3,0,28,4,28,0
rb,0,1.0,75,pbst,1200,rb-current,4,3,0,29,4,28,0
rb,0,1.0,75,pbst,1200,rb-current,4,3,0,30,4,28,0
rb,0,1.0,75,pbst,1200,rb-current,4,3,0,31,4,28,0
rb,0,1.0,75,pbst,1200,rb-current,4,3,0,32,4,28,0
sample,13,0.2,5,plasmamix5,0,sample-pf-00,3,3,0,33,5,29,0
sample,13,0.2,5,plasmamix5,0,sample-pv-00,3,3,0,34,5,29,0
sample,13,0.2,5,plasmamix5,0,sample-pv-01,3,3,0,35,5,29,0
sample,13,0.2,5,plasmamix5,0,sample-neg-00,3,3,0,36,5,29,0
sample,13,0.2,5,plasmamix5,0,sample-neg-01,3,3,0,37,5,29,0
sample,13,0.2,5,plasmamix5,0,sample-pf-00,3,3,0,38,5,29,0
sample,13,0.2,5,plasmamix5,0,sample-pv-00,3,3,0,39,5,29,0
sample,13,0.2,5,plasmamix5,0,sample-pv-01,3,3,0,40,5,29,0
rb,0,1.0,75,pbst,1200,rb-current,4,3,0,33,5,30,0
rb,0,1.0,75,pbst,1200,rb-current,4,3,0,34,5,30,0
rb,0,1.0,75,pbst,1200,rb-current,4,3,0,35,5,30,0
rb,0,1.0,75,pbst,1200,rb-current,4,3,0,36,5,30,0
rb,0,1.0,75,pbst,1200,rb-current,4,3,0,37,5,30,0
rb,0,1.0,75,pbst,1200,rb-current,4,3,0,38,5,30,0
rb,0,1.0,75,pbst,1200,rb-current,4,3,0,39,5,30,0
rb,0,1.0,75,pbst,1200,rb-current,4,3,0,40,5,30,0
sample,13,0.2,5,plasmamix5,0,sample-neg-00,3,3,0,41,6,31,0
sample,13,0.2,5,plasmamix5,0,sample-neg-01,3,3,0,42,6,31,0
sample,13,0.2,5,plasmamix5,0,sample-pf-00,3,3,0,43,6,31,0
sample,13,0.2,5,plasmamix5,0,sample-pv-00,3,3,0,44,6,31,0
sample,13,0.2,5,plasmamix5,0,sample-pv-01,3,3,0,45,6,31,0
sample,13,0.2,5,plasmamix5,0,sample-neg-00,3,3,0,46,6,31,0
sample,13,0.2,5,plasmamix5,0,sample-neg-01,3,3,0,47,6,31,0
sample,13,0.2,5,plasmamix5,0,sample-pf-00,3,3,0,48,6,31,0
rb,0,1.0,75,pbst,1200,rb-current,4,3,0,41,6,32,0
rb,0,1.0,75,pbst,1200,rb-current,4,3,0,42,6,32,0
rb,0,1.0,75,pbst,1200,rb-current,4,3,0,43,6,32,0
rb,0,1.0,75,pbst,1200,rb-current,4,3,0,44,6,32,0
rb,0,1.0,75,pbst,1200,rb-current,4,3,0,45,6,32,0
rb,0,1.0,75,pbst,1200,rb-current,4,3,0,46,6,32,0
rb,0,1.0,75,pbst,1200,rb-current,4,3,0,47,6,32,0
rb,0,1.0,75,pbst,1200,rb-current,4,3,0,48,6,32,0
sample,13,0.2,5,plasmamix5,0,sample-pv-00,3,3,0,49,7,33,0
sample,13,0.2,5,plasmamix5,0,sample-pv-01,3,3,0,50,7,33,0
sample,13,0.2,5,plasmamix5,0,sample-neg-00,3,3,0,51,7,33,0
sample,13,0.2,5,plasmamix5,0,sample-neg-01,3,3,0,52,7,33,0
sample,13,0.2,5,plasmamix5,0,sample-pf-00,3,3,0,53,7,33,0
sample,13,0.2,5,plasmamix5,0,sample-pv-00,3,3,0,54,7,33,0
sample,13,0.2,5,plasmamix5,0,sample-pv-01,3,3,0,55,7,33,0
sample,13,0.2,5,plasmamix5,0,sample-neg-00,3,3,0,56,7,33,0
rb,0,1.0,75,pbst,1200,rb-current,4,3,0,49,7,34,0
rb,0,1.0,75,pbst,1200,rb-current,4,3,0,50,7,34,0
rb,0,1.0,75,pbst,1200,rb-current,4,3,0,51,7,34,0
rb,0,1.0,75,pbst,1200,rb-current,4,3,0,52,7,34,0
rb,0,1.0,75,pbst,1200,rb-current,4,3,0,53,7,34,0
rb,0,1.0,75,pbst,1200,rb-current,4,3,0,54,7,34,0
rb,0,1.0,75,pbst,1200,rb-current,4,3,0,55,7,34,0
rb,0,1.0,75,pbst,1200,rb-current,4,3,0,56,7,34,0
sample,13,0.2,5,plasmamix5,0,sample-neg-01,3,3,0,57,8,35,0
sample,13,0.2,5,plasmamix5,0,sample-pf-00,3,3,0,58,8,35,0
sample,13,0.2,5,plasmamix5,0,sample-pv-00,3,3,0,59,8,35,0
sample,13,0.2,5,plasmamix5,0,sample-pv-01,3,3,0,60,8,35,0
sample,13,0.2,5,plasmamix5,0,sample-neg-00,3,3,0,61,8,35,0
sample,13,0.2,5,plasmamix5,0,sample-neg-01,3,3,0,62,8,35,0
sample,13,0.2,5,plasmamix5,0,sample-pf-00,3,3,0,63,8,35,0
sample,13,0.2,5,plasmamix5,0,sample-pv-00,3,3,0,64,8,35,0
rb,0,1.0,75,pbst,1200,rb-current,4,3,0,57,8,36,0
rb,0,1.0,75,pbst,1200,rb-current,4,3,0,58,8,36,0
rb,0,1.0,75,pbst,1200,rb-current,4,3,0,59,8,36,0
rb,0,1.0,75,pbst,1200,rb-current,4,3,0,60,8,36,0
rb,0,1.0,75,pbst,1200,rb-current,4,3,0,61,8,36,0
rb,0,1.0,75,pbst,1200,rb-current,4,3,0,62,8,36,0
rb,0,1.0,75,pbst,1200,rb-current,4,3,0,63,8,36,0
rb,0,1.0,75,pbst,1200,rb-current,4,3,0,64,8,36,0
sample,13,0.2,5,plasmamix5,0,sample-pv-01,3,3,0,65,9,37,0
sample,13,0.2,5,plasmamix5,0,sample-neg-00,3,3,0,66,9,37,0
sample,13,0.2,5,plasmamix5,0,sample-neg-01,3,3,0,67,9,37,0
sample,13,0.2,5,plasmamix5,0,sample-pf-00,3,3,0,68,9,37,0
sample,13,0.2,5,plasmamix5,0,sample-pv-00,3,3,0,69,9,37,0
sample,13,0.2,5,plasmamix5,0,sample-pv-01,3,3,0,70,9,37,0
sample,13,0.2,5,plasmamix5,0,sample-neg-00,3,3,0,71,9,37,0
sample,13,0.2,5,plasmamix5,0,sample-neg-01,3,3,0,72,9,37,0
rb,0,1.0,75,pbst,1200,rb-current,4,3,0,65,9,38,0
rb,0,1.0,75,pbst,1200,rb-current,4,3,0,66,9,38,0
rb,0,1.0,75,pbst,1200,rb-current,4,3,0,67,9,38,0
rb,0,1.0,75,pbst,1200,rb-current,4,3,0,68,9,38,0
rb,0,1.0,75,pbst,1200,rb-current,4,3,0,69,9,38,0
rb,0,1.0,75,pbst,1200,rb-current,4,3,0,70,9,38,0
rb,0,1.0,75,pbst,1200,rb-current,4,3,0,71,9,38,0
rb,0,1.0,75,pbst,1200,rb-current,4,3,0,72,9,38,0
sample,13,0.2,5,plasmamix5,0,sample-pf-00,3,3,0,73,10,39,0
sample,13,0.2,5,plasmamix5,0,sample-pv-00,3,3,0,74,10,39,0
sample,13,0.2,5,plasmamix5,0,sample-pv-01,3,3,0,75,10,39,0
sample,13,0.2,5,plasmamix5,0,sample-neg-00,3,3,0,76,10,39,0
sample,13,0.2,5,plasmamix5,0,sample-neg-01,3,3,0,77,10,39,0
sample,13,0.2,5,plasmamix5,0,sample-pf-00,3,3,0,78,10,39,0
sample,13,0.2,5,plasmamix5,0,sample-pv-00,3,3,0,79,10,39,0
sample,13,0.2,5,plasmamix5,0,sample-pv-01,3,3,0,80,10,39,0
rb,0,1.0,75,pbst,1200,rb-current,4,3,0,73,10,40,0
rb,0,1.0,75,pbst,1200,rb-current,4,3,0,74,10,40,0
rb,0,1.0,75,pbst,1200,rb-current,4,3,0,75,10,40,0
rb,0,1.0,75,pbst,1200,rb-current,4,3,0,76,10,40,0
rb,0,1.0,75,pbst,1200,rb-current,4,3,0,77,10,40,0
rb,0,1.0,75,pbst,1200,rb-current,4,3,0,78,10,40,0
rb,0,1.0,75,pbst,1200,rb-current,4,3,0,79,10,40,0
rb,0,1.0,75,pbst,1200,rb-current,4,3,0,80,10,40,0
imaging,24,0.0,0,imaging,600,camera,5,5,4,1,1,41,22
imaging,24,0.0,0,imaging,600,camera,5,5,4,2,1,41,22
imaging,24,0.0,0,imaging,600,camera,5,5,4,3,1,41,22
imaging,24,0.0,0,imaging,600,camera,5,5,4,4,1,41,22
imaging,24,0.0,0,imaging,600,camera,5,5,4,5,1,41,22
imaging,24,0.0,0,imaging,600,camera,5,5,4,6,1,41,22
imaging,24,0.0,0,imaging,600,camera,5,5,4,7,1,41,22
imaging,24,0.0,0,imaging,600,camera,5,5,4,8,1,41,22
imaging,24,0.0,0,imaging,600,camera,5,5,4,9,2,42,24
imaging,24,0.0,0,imaging,600,camera,5,5,4,10,2,42,24
imaging,24,0.0,0,imaging,600,camera,5,5,4,11,2,42,24
imaging,24,0.0,0,imaging,600,camera,5,5,4,12,2,42,24
imaging,24,0.0,0,imaging,600,camera,5,5,4,13,2,42,24
imaging,24,0.0,0,imaging,600,camera,5,5,4,14,2,42,24
imaging,24,0.0,0,imaging,600,camera,5,5,4,15,2,42,24
imaging,24,0.0,0,imaging,600,camera,5,5,4,16,2,42,24
imaging,24,0.0,0,imaging,600,camera,5,5,4,17,3,43,26
imaging,24,0.0,0,imaging,600,camera,5,5,4,18,3,43,26
imaging,24,0.0,0,imaging,600,camera,5,5,4,19,3,43,26
imaging,24,0.0,0,imaging,600,camera,5,5,4,20,3,43,26
imaging,24,0.0,0,imaging,600,camera,5,5,4,21,3,43,26
imaging,24,0.0,0,imaging,600,camera,5,5,4,22,3,43,26
imaging,24,0.0,0,imaging,600,camera,5,5,4,23,3,43,26
imaging,24,0.0,0,imaging,600,camera,5,5,4,24,3,43,26
imaging,24,0.0,0,imaging,600,camera,5,5,4,25,4,44,28
imaging,24,0.0,0,imaging,600,camera,5,5,4,26,4,44,28
imaging,24,0.0,0,imaging,600,camera,5,5,4,27,4,44,28
imaging,24,0.0,0,imaging,600,camera,5,5,4,28,4,44,28
imaging,24,0.0,0,imaging,600,camera,5,5,4,29,4,44,28
imaging,24,0.0,0,imaging,600,camera,5,5,4,30,4,44,28
imaging,24,0.0,0,imaging,600,camera,5,5,4,31,4,44,28
imaging,24,0.0,0,imaging,600,camera,5,5,4,32,4,44,28
imaging,24,0.0,0,imaging,600,camera,5,5,4,33,5,45,30
imaging,24,0.0,0,imaging,600,camera,5,5,4,34,5,45,30
imaging,24,0.0,0,imaging,600,camera,5,5,4,35,5,45,30
imaging,24,0.0,0,imaging,600,camera,5,5,4,36,5,45,30
imaging,24,0.0,0,imaging,600,camera,5,5,4,37,5,45,30
imaging,24,0.0,0,imaging,600,camera,5,5,4,38,5,45,30
imaging,24,0.0,0,imaging,600,camera,5,5,4,39,5,45,30
imaging,24,0.0,0,imaging,600,camera,5,5,4,40,5,45,30
imaging,24,0.0,0,imaging,600,camera,5,5,4,41,6,46,32
imaging,24,0.0,0,imaging,600,camera,5,5,4,42,6,46,32
imaging,24,0.0,0,imaging,600,camera,5,5,4,43,6,46,32
imaging,24,0.0,0,imaging,600,camera,5,5,4,44,6,46,32
imaging,24,0.0,0,imaging,600,camera,5,5,4,45,6,46,32
imaging,24,0.0,0,imaging,600,camera,5,5,4,46,6,46,32
imaging,24,0.0,0,imaging,600,camera,5,5,4,47,6,46,32
imaging,24,0.0,0,imaging,600,camera,5,5,4,48,6,46,32
imaging,24,0.0,0,imaging,600,camera,5,5,4,49,7,47,34
imaging,24,0.0,0,imaging,600,camera,5,5,4,50,7,47,34
imaging,24,0.0,0,imaging,600,camera,5,5,4,51,7,47,34
imaging,24,0.0,0,imaging,600,camera,5,5,4,52,7,47,34
imaging,24,0.0,0,imaging,600,camera,5,5,4,53,7,47,34
imaging,24,0.0,0,imaging,600,camera,5,5,4,54,7,47,34
imaging,24,0.0,0,imaging,600,camera,5,5,4,55,7,47,34
imaging,24,0.0,0,imaging,600,camera,5,5,4,56,7,47,34
imaging,24,0.0,0,imaging,600,camera,5,5,4,57,8,48,36
imaging,24,0.0,0,imaging,600,camera,5,5,4,58,8,48,36
imaging,24,0.0,0,imaging,600,camera,5,5,4,59,8,48,36
imaging,24,0.0,0,imaging,600,camera,5,5,4,60,8,48,36
imaging,24,0.0,0,imaging,600,camera,5,5,4,61,8,48,36
imaging,24,0.0,0,imaging,600,camera,5,5,4,62,8,48,36
imaging,24,0.0,0,imaging,600,camera,5,5,4,63,8,48,36
imaging,24,0.0,0,imaging,600,camera,5,5,4,64,8,48,36
imaging,24,0.0,0,imaging,600,camera,5,5,4,65,9,49,38
imaging,24,0.0,0,imaging,600,camera,5,5,4,66,9,49,38
imaging,24,0.0,0,imaging,600,camera,5,5,4,67,9,49,38
imaging,24,0.0,0,imaging,600,camera,5,5,4,68,9,49,38
imaging,24,0.0,0,imaging,600,camera,5,5,4,69,9,49,38
imaging,24,0.0,0,imaging,600,camera,5,5,4,70,9,49,38
imaging,24,0.0,0,imaging,600,camera,5,5,4,71,9,49,38
imaging,24,0.0,0,imaging,600,camera,5,5,4,72,9,49,38
imaging,24,0.0,0,imaging,600,camera,5,5,4,73,10,50,40
imaging,24,0.0,0,imaging,600,camera,5,5,4,74,10,50,40
imaging,24,0.0,0,imaging,600,camera,5,5,4,75,10,50,40
imaging,24,0.0,0,imaging,600,camera,5,5,4,76,10,50,40
imaging,24,0.0,0,imaging,600,camera,5,5,4,77,10,50,40
imaging,24,0.0,0,imaging,600,camera,5,5,4,78,10,50,40
imaging,24,0.0,0,imaging,600,camera,5,5,4,79,10,50,40
imaging,24,0.0,0,imaging,600,camera,5,5,4,80,10,50,40
imaging,24,0.0,0,imaging,0,camera,6,6,5,1,1,51,41
imaging,24,0.0,0,imaging,0,camera,6,6,5,2,1,51,41
imaging,24,0.0,0,imaging,0,camera,6,6,5,3,1,51,41
imaging,24,0.0,0,imaging,0,camera,6,6,5,4,1,51,41
imaging,24,0.0,0,imaging,0,camera,6,6,5,5,1,51,41
imaging,24,0.0,0,imaging,0,camera,6,6,5,6,1,51,41
imaging,24,0.0,0,imaging,0,camera,6,6,5,7,1,51,41
imaging,24,0.0,0,imaging,0,camera,6,6,5,8,1,51,41
imaging,24,0.0,0,imaging,0,camera,6,6,5,9,2,52,42
imaging,24,0.0,0,imaging,0,camera,6,6,5,10,2,52,42
imaging,24,0.0,0,imaging,0,camera,6,6,5,11,2,52,42
imaging,24,0.0,0,imaging,0,camera,6,6,5,12,2,52,42
imaging,24,0.0,0,imaging,0,camera,6,6,5,13,2,52,42
imaging,24,0.0,0,imaging,0,camera,6,6,5,14,2,52,42
imaging,24,0.0,0,imaging,0,camera,6,6,5,15,2,52,42
imaging,24,0.0,0,imaging,0,camera,6,6,5,16,2,52,42
imaging,24,0.0,0,imaging,0,camera,6,6,5,17,3,53,43
imaging,24,0.0,0,imaging,0,camera,6,6,5,18,3,53,43
imaging,24,0.0,0,imaging,0,camera,6,6,5,19,3,53,43
imaging,24,0.0,0,imaging,0,camera,6,6,5,20,3,53,43
imaging,24,0.0,0,imaging,0,camera,6,6,5,21,3,53,43
imaging,24,0.0,0,imaging,0,camera,6,6,5,22,3,53,43
imaging,24,0.0,0,imaging,0,camera,6,6,5,23,3,53,43
imaging,24,0.0,0,imaging,0,camera,6,6,5,24,3,53,43
imaging,24,0.0,0,imaging,0,camera,6,6,5,25,4,54,44
imaging,24,0.0,0,imaging,0,camera,6,6,5,26,4,54,44
imaging,24,0.0,0,imaging,0,camera,6,6,5,27,4,54,44
imaging,24,0.0,0,imaging,0,camera,6,6,5,28,4,54,44
imaging,24,0.0,0,imaging,0,camera,6,6,5,29,4,54,44
imaging,24,0.0,0,imaging,0,camera,6,6,5,30,4,54,44
imaging,24,0.0,0,imaging,0,camera,6,6,5,31,4,54,44
imaging,24,0.0,0,imaging,0,camera,6,6,5,32,4,54,44
imaging,24,0.0,0,imaging,0,camera,6,6,5,33,5,55,45
imaging,24,0.0,0,imaging,0,camera,6,6,5,34,5,55,45
imaging,24,0.0,0,imaging,0,camera,6,6,5,35,5,55,45
imaging,24,0.0,0,imaging,0,camera,6,6,5,36,5,55,45
imaging,24,0.0,0,imaging,0,camera,6,6,5,37,5,55,45
imaging,24,0.0,0,imaging,0,camera,6,6,5,38,5,55,45
imaging,24,0.0,0,imaging,0,camera,6,6,5,39,5,55,45
imaging,24,0.0,0,imaging,0,camera,6,6,5,40,5,55,45
imaging,24,0.0,0,imaging,0,camera,6,6,5,41,6,56,46
imaging,24,0.0,0,imaging,0,camera,6,6,5,42,6,56,46
imaging,24,0.0,0,imaging,0,camera,6,6,5,43,6,56,46
imaging,24,0.0,0,imaging,0,camera,6,6,5,44,6,56,46
imaging,24,0.0,0,imaging,0,camera,6,6,5,45,6,56,46
imaging,24,0.0,0,imaging,0,camera,6,6,5,46,6,56,46
imaging,24,0.0,0,imaging,0,camera,6,6,5,47,6,56,46
imaging,24,0.0,0,imaging,0,camera,6,6,5,48,6,56,46
imaging,24,0.0,0,imaging,0,camera,6,6,5,49,7,57,47
imaging,24,0.0,0,imaging,0,camera,6,6,5,50,7,57,47
imaging,24,0.0,0,imaging,0,camera,6,6,5,51,7,57,47
imaging,24,0.0,0,imaging,0,camera,6,6,5,52,7,57,47
imaging,24,0.0,0,imaging,0,camera,6,6,5,53,7,57,47
imaging,24,0.0,0,imaging,0,camera,6,6,5,54,7,57,47
imaging,24,0.0,0,imaging,0,camera,6,6,5,55,7,57,47
imaging,24,0.0,0,imaging,0,camera,6,6,5,56,7,57,47
imaging,24,0.0,0,imaging,0,camera,6,6,5,57,8,58,48
imaging,24,0.0,0,imaging,0,camera,6,6,5,58,8,58,48
imaging,24,0.0,0,imaging,0,camera,6,6,5,59,8,58,48
imaging,24,0.0,0,imaging,0,camera,6,6,5,60,8,58,48
imaging,24,0.0,0,imaging,0,camera,6,6,5,61,8,58,48
imaging,24,0.0,0,imaging,0,camera,6,6,5,62,8,58,48
imaging,24,0.0,0,imaging,0,camera,6,6,5,63,8,58,48
imaging,24,0.0,0,imaging,0,camera,6,6,5,64,8,58,48
imaging,24,0.0,0,imaging,0,camera,6,6,5,65,9,59,49
imaging,24,0.0,0,imaging,0,camera,6,6,5,66,9,59,49
imaging,24,0.0,0,imaging,0,camera,6,6,5,67,9,59,49
imaging,24,0.0,0,imaging,0,camera,6,6,5,68,9,59,49
imaging,24,0.0,0,imaging,0,camera,6,6,5,69,9,59,49
imaging,24,0.0,0,imaging,0,camera,6,6,5,70,9,59,49
imaging,24,0.0,0,imaging,0,camera,6,6,5,71,9,59,49
imaging,24,0.0,0,imaging,0,camera,6,6,5,72,9,59,49
imaging,24,0.0,0,imaging,0,camera,6,6,5,73,10,60,50
imaging,24,0.0,0,imaging,0,camera,6,6,5,74,10,60,50
imaging,24,0.0,0,imaging,0,camera,6,6,5,75,10,60,50
imaging,24,0.0,0,imaging,0,camera,6,6,5,76,10,60,50
imaging,24,0.0,0,imaging,0,camera,6,6,5,77,10,60,50
imaging,24,0.0,0,imaging,0,camera,6,6,5,78,10,60,50
imaging,24,0.0,0,imaging,0,camera,6,6,5,79,10,60,50
imaging,24,0.0,0,imaging,0,camera,6,6,5,80,10,60,50
